run,temp,temppoor,temp2,temp2poor,prec,precpoor,prec2,prec2poor
0,.0088951,.0254342,-.0003155,-.000772,6.72e-06,.0000258,-2.69e-09,-7.44e-09
1,.0109688,.0389122,-.0004339,-.0010646,.0000552,.0000151,-1.43e-08,-4.96e-09
2,.0059665,.0146053,-.0002674,-.0005337,.0000203,.0000384,-5.79e-09,-1.02e-08
3,.0176653,.0280179,-.0003815,-.0009604,-.0000332,2.94e-06,3.21e-09,-2.90e-09
4,.0100384,.0575052,-.000416,-.00134,.0000163,.0000527,-6.25e-09,-1.39e-08
5,.0141023,.0457539,-.0003674,-.0013674,.000038,.0000381,-1.13e-08,-8.87e-09
6,.0092824,.0373883,-.0004357,-.0011101,.0000107,8.30e-08,-2.22e-09,-2.81e-09
7,.0088906,.0137241,-.0002576,-.0004912,.0000179,.000031,-6.40e-09,-1.06e-08
8,.0082144,.0272155,-.000298,-.0008131,9.19e-06,.0000192,-1.58e-09,-6.37e-09
9,.0097068,.0010562,-.0003126,-.000318,-4.57e-06,.0000277,6.21e-10,-6.43e-09
10,.0103031,.014486,-.0003141,-.0006738,.0000148,.0000133,-4.71e-09,-4.12e-09
11,.0083486,.0672824,-.0002662,-.001599,9.81e-06,.0000329,-1.43e-09,-6.87e-09
12,.010632,.0655095,-.0003893,-.001564,1.53e-07,.0000375,2.12e-09,-1.17e-08
13,.0081088,.0573862,-.0002243,-.0013421,-.0000203,.0000344,7.73e-09,-1.21e-08
14,.0118891,.0454658,-.0004434,-.0013638,.0000463,.0000512,-1.29e-08,-1.47e-08
15,.0123083,.0166124,-.000443,-.0007066,.0000378,.0000292,-1.17e-08,-9.86e-09
16,.018131,.0553292,-.0006268,-.0014403,-8.29e-06,.000044,3.05e-10,-1.33e-08
17,.0094285,.042043,-.0004104,-.0012046,-.000011,.0000154,2.90e-09,-6.90e-09
18,.0089011,.0403401,-.0002477,-.0011112,2.45e-06,8.67e-06,-8.57e-10,-2.33e-09
19,.0104566,.0325998,-.0003571,-.0009863,-8.56e-06,.0000287,-5.98e-10,-5.17e-09
20,.0094425,.0152225,-.0003932,-.0004346,.0000231,.0000221,-6.68e-09,-7.35e-09
21,.0039848,.0357195,-.0000707,-.0009447,2.06e-06,6.43e-06,-2.52e-09,-5.43e-09
22,.0110139,.0236911,-.0004153,-.0007968,.0000262,.0000529,-7.76e-09,-1.25e-08
23,.0062785,.0172317,-.0002654,-.0005272,.0000292,.0000157,-8.05e-09,-7.00e-09
24,.017001,.0195114,-.0007066,-.0006578,6.54e-06,.0000231,-6.74e-09,-9.52e-09
25,.0050046,.0298088,-.0001068,-.0009224,.0000143,.0000149,-6.89e-09,-3.93e-09
26,.0167768,.0211449,-.0008188,-.000675,-.0000202,.0000209,1.93e-09,-5.75e-09
27,.0060909,.0139003,-.0002586,-.0005948,3.29e-06,.0000208,-2.65e-09,-4.79e-09
28,.0083053,.026704,-.0002592,-.0007328,.0000133,.000015,-5.39e-09,-4.46e-09
29,.0084248,.0378892,-.0003626,-.0009131,9.08e-06,.0000234,3.08e-11,-7.53e-09
30,.017063,.0513568,-.0007183,-.0015296,-2.98e-06,.0000321,-2.57e-10,-9.82e-09
31,.0121065,.0420019,-.0004221,-.0011005,.0000136,.0000204,-6.90e-09,-6.40e-09
32,.0035683,.051975,-.0000833,-.001356,.0000159,.0000328,-2.34e-09,-1.38e-08
33,.0092879,.0154948,-.0004039,-.0005132,6.25e-06,.0000638,-1.96e-09,-1.65e-08
34,.004766,-.0049028,-.0001038,-.000081,5.00e-06,.0000274,-1.02e-09,-7.64e-09
35,.0069774,.0365524,-.0003856,-.0010291,-6.89e-06,.0000255,1.01e-09,-8.16e-09
36,.0116196,.0175377,-.0004344,-.0005509,.0000111,.0000192,-4.90e-09,-6.73e-09
37,.0097316,.0362026,-.000343,-.0010127,-1.37e-06,.0000362,-8.16e-10,-1.07e-08
38,.0073349,.0290658,-.0002177,-.0007193,.0000117,-4.78e-06,-4.33e-09,1.67e-09
39,.012805,.0129944,-.000442,-.0006773,4.00e-08,.0000282,-4.22e-10,-4.64e-09
40,.005928,.0173968,-.0002656,-.0005041,.0000113,.000073,-1.63e-09,-1.94e-08
41,.0111564,.0425886,-.0004284,-.001166,7.51e-06,8.36e-06,-7.35e-10,-8.73e-10
42,.0197591,.0171789,-.0005831,-.0007402,-6.81e-06,.0000188,-3.09e-09,-6.70e-09
43,.0054504,.0213574,-.0000801,-.000624,5.15e-06,.0000432,-2.10e-09,-1.40e-08
44,.0181615,.0361292,-.0005982,-.0010243,2.08e-06,.0000302,-3.16e-09,-5.95e-09
45,.0128554,.0216126,-.0005669,-.0005973,-2.93e-06,.0000455,-1.20e-09,-1.07e-08
46,.0081616,.0750957,-.0002994,-.0017034,7.02e-06,.0000345,-2.43e-09,-9.22e-09
47,.0085368,.0115709,-.0002794,-.0003492,-9.93e-06,.0000387,1.89e-09,-1.17e-08
48,.0119139,.0151432,-.0004778,-.0004725,3.02e-06,.0000539,-3.63e-09,-1.67e-08
49,.0020479,.0248329,-.0002091,-.0007246,.0000173,.0000294,-3.19e-09,-8.45e-09
50,.0040881,-.0010022,-.0002344,-.0002995,.0000107,.0000269,-4.26e-09,-6.24e-09
51,.0136198,.0173623,-.0004354,-.0006548,-4.76e-06,.0000372,-1.92e-10,-1.15e-08
52,.0117117,.0239018,-.0003525,-.0007412,.0000254,.0000247,-8.34e-09,-7.53e-09
53,.0038833,.0722445,-.0001506,-.001761,9.70e-06,9.97e-06,-3.00e-09,-2.72e-09
54,.013195,-.0152765,-.000557,.0001806,9.99e-06,.0000246,-2.28e-09,-8.08e-09
55,.0064107,.0274063,-.0003368,-.0006003,6.32e-06,.0000213,-3.87e-09,-7.23e-09
56,.0133228,.0079179,-.0003679,-.0003852,8.46e-07,.000021,8.25e-10,-7.10e-09
57,.0023369,-.0023082,-.0001396,-.0002084,1.52e-06,.0000427,-2.02e-09,-1.10e-08
58,.0178651,.0309611,-.0004948,-.0008081,.0000187,.0000447,-6.17e-09,-1.53e-08
59,.0017301,.0303253,5.62e-06,-.0007285,-6.66e-06,.0000444,2.27e-09,-1.37e-08
60,.0087002,.0268229,-.0003794,-.0008553,-.0000148,.0000229,-4.09e-11,-7.22e-09
61,.007968,.0426621,-.0003141,-.0010124,.0000146,.0000333,-6.02e-09,-8.60e-09
62,.0005126,.0516051,-7.19e-06,-.0012894,3.36e-06,.0000342,-3.25e-09,-9.55e-09
63,.0110898,.0277822,-.0004799,-.0008249,9.62e-06,5.51e-06,-2.98e-09,-5.05e-09
64,.0089597,.0566523,-.0003355,-.001284,.0000204,.0000113,-8.22e-09,-4.58e-09
65,.0147095,.0144837,-.0005485,-.0005634,-1.09e-06,.0000486,-1.38e-09,-1.56e-08
66,.0134977,.0187209,-.0002653,-.0007375,.0000116,.0000148,-8.85e-10,-4.04e-09
67,.0017228,.0303037,.0000207,-.0008371,5.56e-06,.0000256,2.54e-10,-6.49e-09
68,.0067253,.0309035,-.0002426,-.0009424,.0000318,.000034,-8.30e-09,-7.51e-09
69,.0078815,.0166725,-.0003943,-.0005935,.0000133,.0000325,-6.67e-09,-8.32e-09
70,.0152699,-.0021243,-.0006153,-.000111,9.58e-06,.0000513,-6.98e-10,-1.60e-08
71,.0059214,.0330952,-.0001682,-.0008638,.000018,.000024,-4.64e-09,-6.39e-09
72,.0085806,.023564,-.000102,-.0007248,5.88e-06,2.87e-06,-2.92e-09,-1.64e-09
73,.0061602,.0294634,-.0002282,-.0007759,.0000323,.0000352,-6.13e-09,-1.08e-08
74,.002898,-.0045607,-.0001351,.0000503,.0000135,.0000141,-2.69e-09,-4.91e-09
75,.005927,.0405761,-.0001761,-.0011162,-.0000115,.0000216,-3.81e-10,-6.05e-09
76,.0132532,.0203848,-.0003613,-.0008116,.0000172,8.60e-06,-4.03e-09,-4.16e-09
77,.0038098,.0418823,-.0001345,-.0010384,6.65e-07,.000032,1.15e-10,-7.84e-09
78,.0067235,.0461387,-.0003984,-.0012425,-.0000119,.0000272,2.42e-09,-6.68e-09
79,.0128125,.02506,-.0004009,-.0007646,-.0000119,-4.91e-06,4.92e-10,-1.03e-09
80,.0068916,.0173803,-.0001227,-.0006494,.0000373,.0000485,-1.17e-08,-1.62e-08
81,.006797,.0156644,-.0003152,-.0007338,.0000324,7.55e-06,-8.41e-09,-2.98e-09
82,.0161167,.0204539,-.0006722,-.0006075,.0000259,.0000443,-8.87e-09,-1.37e-08
83,.0195553,.080051,-.0008649,-.0018183,.0000341,.0000488,-1.27e-08,-1.37e-08
84,.0100282,.0445001,-.0004353,-.0014157,.0000129,.000018,-3.95e-09,-4.68e-09
85,.0065969,.0059981,-.0002859,-.0003334,-.0000359,.0000493,1.04e-08,-1.33e-08
86,.01535,.0038191,-.0004969,-.0002607,.0000199,.0000406,-8.11e-09,-1.14e-08
87,.0143702,.0094321,-.0006867,-.0004145,-5.50e-06,.000045,1.61e-09,-1.36e-08
88,.0124492,.0497243,-.0004668,-.0012028,-4.36e-07,.000039,-2.83e-09,-1.22e-08
89,.0141542,.0130652,-.0004915,-.0003907,.0000357,8.54e-06,-1.01e-08,-4.03e-09
90,.0181175,.0414367,-.0005929,-.0012495,-.0000128,.0000256,-1.18e-09,-6.82e-09
91,.0107668,.0677278,-.0004749,-.0014992,-.0000228,.0000479,3.74e-09,-1.39e-08
92,.01524,.0158845,-.0004242,-.000631,.0000139,.0000205,-7.20e-09,-8.46e-09
93,.00245,.0185977,-.0000717,-.0006558,.0000191,.0000354,-7.01e-09,-7.56e-09
94,.0058747,.0296483,-.0001966,-.0007642,.0000391,.0000218,-7.09e-09,-6.69e-09
95,.0161494,.0470733,-.0008666,-.0011721,-2.34e-06,.0000342,-1.02e-09,-7.81e-09
96,.0103052,.0119788,-.0004505,-.0004668,2.57e-06,.0000209,-1.43e-09,-5.37e-09
97,.0053063,.030943,-.0002441,-.0007412,.0000101,.0000352,-1.84e-09,-9.84e-09
98,.0041591,.0311658,-.0003156,-.0008378,-.0000229,.000027,6.67e-09,-7.37e-09
99,.0133534,-.0046855,-.0006233,-.0003384,-.0000176,9.19e-06,3.59e-09,-3.62e-09
100,.0085785,.011378,-.000439,-.0005359,6.56e-06,.0000257,2.66e-09,-5.31e-09
101,.0229575,.0496505,-.0007425,-.0014857,4.90e-06,5.39e-06,-3.79e-09,-2.88e-09
102,.0042859,.0807653,-.0000432,-.0019466,.000032,.0000125,-1.04e-08,-5.19e-09
103,.0198073,.0291695,-.0008048,-.000764,-.0000198,.000017,2.81e-10,-6.62e-09
104,.0060821,.0557612,-.0001467,-.0015532,1.44e-07,.0000185,-2.80e-09,-6.36e-09
105,.006284,.0099063,-.000187,-.0005572,4.60e-06,.0000375,-3.74e-09,-9.82e-09
106,.0072131,.0501167,-.0002156,-.0013256,-8.03e-06,.0000104,4.09e-10,-4.77e-09
107,.0112022,.0140153,-.0004423,-.0004905,.0000171,.0000196,-2.38e-09,-6.71e-09
108,.010788,.0555249,-.0004081,-.0015865,-.0000135,-.0000233,7.16e-09,5.73e-09
109,.0147768,.0292456,-.0004709,-.0008983,.0000103,.000012,1.49e-10,-1.74e-09
110,.0103325,.0035358,-.0002269,-.0003595,-.0000219,.0000201,1.99e-09,-7.68e-09
111,.0027655,.0380871,-.0000701,-.0010986,8.78e-06,6.58e-06,-3.41e-09,-3.11e-09
112,.0086403,.0433152,-.0003161,-.0012042,2.14e-06,.000028,-2.18e-09,-8.92e-09
113,.0080513,.0346559,-.0002855,-.0011893,2.74e-06,.0000125,1.20e-11,-3.40e-09
114,.0095597,.0103545,-.0004506,-.0003622,4.32e-06,.0000339,-1.42e-09,-1.07e-08
115,.015279,.0364571,-.0005745,-.0009795,8.59e-07,.000023,2.71e-09,-9.80e-09
116,.0110558,-.0044232,-.0006331,-.0001659,-9.03e-07,.0000175,-1.88e-09,-6.09e-09
117,.0113863,.0157519,-.0003579,-.000438,.0000206,.0000572,-8.84e-09,-1.37e-08
118,.0076892,.031213,-.0003008,-.0009775,3.84e-06,-5.07e-08,-3.20e-10,-8.41e-10
119,.0084776,.0455992,-.0002327,-.0012686,.0000102,-.0000114,-1.92e-09,1.62e-09
120,.003933,.0364898,-.000219,-.0008859,6.63e-06,.0000145,1.50e-09,-5.20e-09
121,.0081383,.0474038,-.0004007,-.0011408,.0000164,.0000273,-4.19e-09,-7.93e-09
122,.0123977,.0416839,-.0004812,-.0011424,5.44e-06,8.46e-06,-9.11e-10,-5.07e-09
123,.0153866,.0252285,-.0003627,-.0008064,.0000215,.0000316,-4.61e-09,-1.00e-08
124,.0044757,.0181856,-.0001691,-.0005344,.0000312,.000049,-1.22e-08,-1.42e-08
125,.0111499,.0198556,-.000477,-.0007683,.000016,.0000442,-6.20e-09,-1.15e-08
126,.0051776,.0183254,-.0000716,-.0007103,6.33e-06,.0000279,-5.80e-10,-4.81e-09
127,.0076411,.0148958,-.0001262,-.0005558,-3.21e-06,9.34e-06,-5.74e-10,-3.92e-09
128,.0156576,.0344608,-.0006427,-.0011304,1.71e-06,.0000141,6.81e-10,-5.89e-09
129,.0111919,.021156,-.0003627,-.000734,.0000105,.0000629,-1.48e-09,-1.40e-08
130,.0088059,-.0013033,-.0003357,-.0001073,-8.27e-06,.000029,5.78e-10,-1.01e-08
131,.0083409,-.0067888,-.0004046,-.0000392,.0000172,.000012,-6.05e-09,-3.53e-09
132,.0107781,.0153112,-.0002745,-.0005995,.0000163,.0000221,-6.79e-09,-6.57e-09
133,.0089174,.0133076,-.0002036,-.000581,-8.86e-06,.0000222,-7.55e-10,-7.17e-09
134,.0062044,-.0012088,-.0003131,-.0001995,.0000161,.0000245,-2.22e-09,-8.99e-09
135,.0046597,.0199597,-.0001594,-.0008245,.0000122,.0000369,-4.62e-09,-1.07e-08
136,.0033963,-.0031754,-.0000842,-.0002044,3.60e-06,.0000272,-3.17e-09,-8.61e-09
137,.0116021,.0034722,-.0004474,-.0004141,-.0000341,.000084,7.90e-09,-2.03e-08
138,.0094145,.0214374,-.0004081,-.0005636,.0000249,.0000153,-7.89e-09,-4.50e-09
139,.0105391,.0185361,-.0003653,-.0006275,.0000232,.0000317,-5.66e-09,-8.49e-09
140,.0049675,.0157395,-.0001569,-.0006099,-.0000233,.0000363,8.03e-09,-8.94e-09
141,.002796,.0405061,.0000209,-.0011494,.0000293,.0000385,-4.47e-09,-9.13e-09
142,.0080958,.027019,-.0000633,-.0007998,.0000155,.0000228,-9.25e-10,-8.43e-09
143,.0051585,-.0017183,-.0002516,-.0003233,.0000116,.0000307,-3.51e-09,-6.47e-09
144,.0088926,.0301064,-.0002888,-.0008857,.0000144,.0000323,-4.98e-09,-8.52e-09
145,.0054136,.0094676,-.0002472,-.0003664,-9.74e-06,.0000227,-3.28e-09,-8.82e-09
146,.0106122,.0277356,-.0003506,-.0008022,.0000298,.0000216,-1.06e-08,-8.60e-09
147,.0086661,.0188332,-.0001874,-.0006549,-.0000177,.0000478,6.83e-09,-1.12e-08
148,.0066592,.048346,-.0001282,-.0013049,-2.33e-06,.0000327,-2.85e-09,-9.44e-09
149,.0024974,.0391837,.0000327,-.0008937,6.87e-06,.0000296,-3.51e-09,-7.30e-09
150,.0066804,.0490701,-.0002771,-.0012522,.0000214,.0000208,-5.40e-09,-5.93e-09
151,.0117883,.0360402,-.0002584,-.0008609,9.99e-06,.0000325,-2.96e-09,-1.08e-08
152,.0075979,.0164516,-.0004079,-.0006566,.0000289,.0000256,-1.13e-08,-6.51e-09
153,.0075122,.0408002,-.000331,-.0010018,.0000382,-1.10e-06,-1.24e-08,-1.41e-09
154,.0086602,.0226499,-.0001912,-.0008017,-.0000106,.0000352,3.64e-09,-1.08e-08
155,.0087291,-.0031005,-.0001903,-.0001951,3.33e-07,7.63e-06,1.30e-10,-3.14e-09
156,.006569,.0359382,-.0001791,-.0009676,7.34e-06,.0000437,-2.26e-09,-1.25e-08
157,.0102227,.0521693,-.0005244,-.0012997,-.0000217,.0000322,3.58e-09,-1.02e-08
158,.0043665,.0286003,-.0001038,-.0007249,5.23e-06,.0000122,-1.97e-09,-3.05e-09
159,-.0002877,.0225956,.0000636,-.0005598,.00001,.0000487,-3.58e-09,-1.34e-08
160,.0063351,-.0121532,-.0002675,.0001765,-5.42e-06,.0000609,-1.67e-10,-1.57e-08
161,.0152304,.025351,-.0006209,-.0007309,9.51e-06,.0000297,-2.24e-09,-7.66e-09
162,.0078392,.0053622,-.0000438,-.0003291,.0000154,.0000117,-8.95e-09,-4.21e-09
163,.0095751,.0582422,-.0002847,-.0014788,-6.65e-06,.0000236,1.53e-09,-7.00e-09
164,.0182486,.1214046,-.0008722,-.0027705,-1.99e-06,.0000218,-3.54e-10,-5.36e-09
165,.0112496,.0145238,-.0003693,-.0004589,1.91e-06,.0000141,-3.94e-09,-6.63e-09
166,.0044008,.0426073,-.0000629,-.0009487,-.0000243,.000023,8.47e-09,-7.70e-09
167,.0053595,.0174226,-.0000667,-.0007255,-9.50e-06,.0000336,1.30e-09,-9.21e-09
168,.0042698,.027326,-.0001081,-.0008655,-.0000315,.0000172,9.53e-09,-6.20e-09
169,.0097343,.0354946,-.0005146,-.000993,4.13e-06,.0000149,-3.06e-09,-4.37e-09
170,.0071852,.010006,-.0002779,-.0004162,9.82e-06,.0000188,-1.60e-09,-7.54e-09
171,.0043043,-.0041323,-.0001688,.0001061,-2.88e-06,.0000333,-2.87e-10,-1.21e-08
172,.010507,.0169679,-.0005293,-.0006073,.000018,.000028,-6.96e-09,-4.73e-09
173,.0079477,.0178608,-.0002632,-.0007443,7.41e-06,.0000253,2.69e-09,-6.38e-09
174,.0064864,.0182438,-.000381,-.0005903,7.42e-06,4.32e-06,-3.30e-09,-2.22e-09
175,.017812,.0139916,-.0006265,-.0006432,.000013,.0000154,-7.41e-09,-3.66e-09
176,.0101709,.0588259,-.000427,-.0015369,6.75e-06,.0000296,-1.95e-09,-8.32e-09
177,.0043402,.0444176,-.0000212,-.0011895,-.0000222,.0000344,6.94e-09,-8.96e-09
178,.0124013,.032722,-.000255,-.0010526,.0000112,.0000429,-8.45e-10,-1.52e-08
179,.0046283,.0266586,-.0003125,-.0007932,.0000103,.0000142,-1.20e-09,-2.83e-09
180,.0087971,.0023691,-.0004673,-.0001701,-.0000101,.0000257,9.87e-11,-8.38e-09
181,.0200797,.0146038,-.0006892,-.0006962,-.0000153,.0000437,1.16e-09,-1.12e-08
182,.0042383,.0988002,-.0001558,-.0023046,8.61e-06,.0000348,-6.60e-09,-9.09e-09
183,.0123289,.0045618,-.000608,-.0003358,-.0000134,.0000488,3.75e-09,-1.46e-08
184,.0135232,.0429171,-.0005384,-.0011764,.0000149,.0000424,-4.05e-09,-1.14e-08
185,.0081606,.0398567,-.0003408,-.0012302,-1.70e-06,.0000244,-4.50e-10,-1.01e-08
186,.0160794,.0147613,-.0006492,-.0004838,-4.25e-06,.0000394,-8.30e-10,-9.79e-09
187,.0099502,.0225624,-.0004112,-.0007677,.0000121,.0000412,-3.35e-09,-1.26e-08
188,.0074919,.0107398,-.0002398,-.00057,-.0000118,-3.77e-06,1.69e-09,-5.74e-10
189,.02042,.0438647,-.000722,-.0011083,.0000222,.0000348,-6.30e-09,-1.04e-08
190,-.0001144,.0279036,-.0000704,-.0007906,6.25e-06,.0000268,-4.59e-09,-8.61e-09
191,.0065778,.0224599,-.000206,-.0007645,-5.22e-07,.0000286,1.82e-11,-1.03e-08
192,.0084075,.0188377,-.000272,-.0006347,3.27e-06,.0000652,-1.70e-09,-1.77e-08
193,.0107637,.0496712,-.0005837,-.0012662,.0000211,.0000181,-8.22e-09,-7.11e-09
194,.0104904,.0329919,-.000431,-.0010117,-.0000111,.0000157,4.37e-09,-4.74e-09
195,.003485,.0246489,-.0001435,-.0008107,.000024,.0000303,-6.66e-09,-8.67e-09
196,.0089545,.0310324,-.0001732,-.0010882,.0000338,6.27e-06,-9.99e-09,-1.93e-09
197,.0085739,.0036571,-.0002633,-.0002051,4.56e-07,.0000181,-2.54e-09,-4.76e-09
198,.0033707,.0088593,-.0000715,-.0004905,.0000132,.0000235,-3.87e-09,-6.78e-09
199,.0101855,.0486469,-.0002433,-.0013753,3.94e-06,.0000421,-4.71e-09,-1.23e-08
200,.0131919,.0243214,-.0004775,-.0007835,-4.41e-06,-8.59e-06,2.72e-10,3.99e-10
201,.0069866,.0255519,-.000281,-.0007985,.0000224,.0000118,-4.06e-09,-5.53e-09
202,.0081776,.0210374,-.0003494,-.0006304,.0000214,.0000357,-6.09e-09,-1.08e-08
203,.0090888,.0385864,-.000439,-.0011444,8.50e-06,-4.70e-06,-3.05e-09,-4.86e-10
204,.0041848,.0314354,-.0002394,-.0009221,6.75e-06,9.29e-06,1.02e-09,-3.63e-09
205,.006599,.0340503,-.0003418,-.0010168,6.73e-06,.0000408,-1.15e-09,-8.38e-09
206,.011229,.0346931,-.0003149,-.0009763,5.93e-06,.0000199,1.84e-11,-5.32e-09
207,.0049687,.0274289,-.0001787,-.0007583,5.30e-06,.000031,-2.72e-09,-8.30e-09
208,.0067257,.0145177,-.0003133,-.0004955,3.23e-06,.0000165,2.01e-09,-5.42e-09
209,.0112629,.0405636,-.0004589,-.0010829,5.81e-06,7.36e-06,-7.05e-10,-7.98e-09
210,.0021565,.000696,-.0001384,-.000204,6.19e-06,7.05e-06,-2.81e-09,-2.42e-09
211,.0130897,.001461,-.0003552,-.0000986,-.0000504,.0000424,1.26e-08,-1.11e-08
212,.0106144,.0385997,-.0004068,-.0010086,-.0000116,.0000399,1.27e-09,-1.16e-08
213,.0113492,.0372858,-.0003459,-.001071,-6.88e-07,.0000167,-2.13e-09,-6.95e-09
214,.0098508,.0193921,-.0004278,-.0005656,3.82e-06,.0000195,-3.54e-09,-7.35e-09
215,.0048589,.0666511,-.0001544,-.0014689,.0000283,.0000351,-9.70e-09,-1.01e-08
216,.0167514,-.0171344,-.0004025,.0000649,-.0000229,.0000471,3.89e-09,-1.26e-08
217,.0076317,.0441859,-.0004945,-.0011865,-4.08e-06,4.74e-06,-3.68e-09,-2.54e-09
218,-.0010483,.0002913,.0000384,-.0002087,8.31e-06,.0000316,7.00e-10,-7.43e-09
219,.0120238,.0016463,-.0004878,-.0002748,.0000128,.0000103,-3.08e-09,-2.98e-09
220,.0100049,.0336927,-.0001968,-.0010101,.0000109,.0000137,-4.24e-09,-4.31e-09
221,.0178023,.0483702,-.000539,-.0012338,-.0000158,.0000185,3.03e-09,-6.19e-09
222,.0038673,.0721735,-.0001684,-.001815,.0000145,.0000281,1.71e-09,-8.85e-09
223,.0135947,.0417411,-.0004018,-.0012263,.000027,.0000496,-1.19e-08,-1.26e-08
224,.0044943,.0279332,-.0001322,-.0008635,.0000131,.0000221,-5.81e-09,-5.47e-09
225,.0203496,.0649398,-.0006194,-.0017413,.0000257,.0000117,-9.63e-09,-5.26e-09
226,.010595,.0145813,-.0003643,-.0006879,-.0000153,.0000388,3.45e-09,-8.99e-09
227,.0107951,-.0051955,-.0005081,-.000254,.0000161,.0000171,-5.73e-09,-7.47e-09
228,.0039481,.0110303,-.0001775,-.0004763,-.000013,.0000135,2.33e-10,-5.95e-09
229,.0097877,.0031758,-.0004404,-.0003326,.0000142,.0000463,-5.45e-09,-1.31e-08
230,.017008,.0445356,-.0007206,-.0011553,4.04e-06,.0000397,-9.47e-10,-9.41e-09
231,.0089639,.0438439,-.0003794,-.0011653,-.0000174,.0000146,1.50e-09,-5.04e-09
232,.0074829,.050273,-.0002529,-.0011429,.0000205,.0000289,-4.46e-09,-8.35e-09
233,.0079247,.0303071,-.0003898,-.0008015,9.68e-06,.0000378,-3.08e-09,-1.16e-08
234,.0052159,.0377699,-.0002671,-.0010502,.0000138,.0000223,-3.05e-09,-4.99e-09
235,.0111186,.0499972,-.0003887,-.0011628,.0000415,.0000385,-1.21e-08,-1.06e-08
236,.0032843,.0177105,-.0001368,-.0006018,.0000388,.0000354,-1.17e-08,-9.27e-09
237,.010868,-.0016318,-.0004984,-.0002208,.0000232,.0000376,-7.23e-09,-8.31e-09
238,.0208557,.0460521,-.0006181,-.0012659,3.96e-06,.0000176,-1.84e-09,-9.72e-09
239,.015355,.0163504,-.0004814,-.000551,.0000175,.0000341,-4.51e-09,-9.52e-09
240,.0067881,.0430831,-.0002649,-.0011704,4.33e-06,.0000282,-4.94e-10,-9.83e-09
241,.0034433,.0125566,.0000347,-.000343,.0000148,.0000401,-1.38e-09,-1.20e-08
242,.0095575,-.0133213,-.0003596,.0001368,8.18e-06,.0000482,-3.93e-09,-1.41e-08
243,.0132733,.0138584,-.0003517,-.0003347,-5.72e-06,.0000313,-8.84e-10,-8.61e-09
244,.0072363,.0339347,-.0002955,-.0009579,.0000113,.0000432,-3.19e-09,-1.15e-08
245,.0111896,.009742,-.0004322,-.0004131,-.0000298,.0000457,9.75e-09,-1.23e-08
246,.0075548,.0304911,-.0003339,-.001003,8.31e-06,.0000261,-8.83e-10,-5.32e-09
247,.0095871,.0375701,-.0003571,-.0010019,8.36e-06,.000011,-4.18e-09,-3.84e-09
248,.0157333,.0139498,-.0004168,-.0006633,.0000251,.0000252,-6.30e-09,-7.94e-09
249,.0050838,.0071242,-.0005281,-.0002447,-.000016,.0000196,-5.33e-10,-7.02e-09
250,.0096414,.0116252,-.0002159,-.000489,2.28e-06,.0000173,-9.81e-10,-5.85e-09
251,.0080279,.049149,-.0004333,-.0010835,.0000112,.0000247,-5.02e-09,-7.20e-09
252,.0122442,.0039716,-.0005454,-.0004645,.0000103,9.08e-07,-4.17e-09,-2.90e-09
253,.0041838,.0163645,-.0001948,-.000599,.00003,.0000465,-1.04e-08,-1.26e-08
254,.0086834,.0371696,-.0003767,-.0008302,-6.08e-06,.0000524,2.49e-09,-1.26e-08
255,.008679,.0664352,-.0003824,-.0016644,.0000155,.0000309,-5.67e-09,-7.59e-09
256,.0062544,.018796,-.0003583,-.0005881,.0000106,.0000304,-6.21e-09,-9.13e-09
257,.0024492,.0290327,-.0001238,-.0008481,-4.31e-06,.0000239,-2.17e-09,-7.57e-09
258,.0091941,.0045251,-.000367,-.0002767,-8.25e-07,.0000207,-3.05e-09,-7.66e-09
259,.0069226,.0228172,-.0002491,-.0007437,.0000131,.0000234,-5.86e-09,-5.94e-09
260,.0104025,.0047652,-.0004434,-.0005162,.0000148,.0000111,-4.83e-09,-4.08e-09
261,.0093639,.0102174,-.000444,-.0002988,.0000173,.0000385,-4.40e-09,-1.15e-08
262,.0031186,.0087485,-.0001015,-.0003117,1.46e-06,.000021,-8.53e-10,-7.91e-09
263,.0035785,.0395994,-.0000477,-.0010943,-7.99e-06,.0000342,3.19e-09,-7.31e-09
264,.0113518,.034537,-.0004088,-.0010097,-1.87e-06,.0000274,5.06e-10,-7.73e-09
265,.0166695,.0923343,-.0006909,-.0022349,.0000212,.0000298,-1.11e-08,-9.88e-09
266,.0088444,.040923,-.0003636,-.0012439,.0000308,9.20e-06,-1.02e-08,-2.65e-09
267,.0092173,.0100911,-.0003625,-.0005522,.0000182,.0000125,-6.38e-09,-4.58e-09
268,.0099566,.0132276,-.0003176,-.000639,-1.33e-06,.0000241,-1.30e-09,-4.90e-09
269,.0122,.0679259,-.0005022,-.0015896,.0000151,.000033,-4.39e-09,-1.06e-08
270,.0100527,.0237863,-.0004032,-.0007568,.0000175,.0000213,-2.88e-09,-7.40e-09
271,.0079713,.030952,-.0003544,-.0007025,-5.20e-06,.0000365,-1.15e-09,-1.15e-08
272,.0048478,.0388214,-.0001378,-.0009895,.0000155,.0000315,-8.96e-09,-9.35e-09
273,.0129048,.0179631,-.0004073,-.0007258,.0000177,-.0000128,-4.12e-09,1.18e-09
274,.0073132,.0162795,-.0002206,-.0004568,.0000144,.000038,-2.74e-09,-1.07e-08
275,.0108435,.0098239,-.0004319,-.0004731,.0000115,.0000215,-9.26e-10,-6.77e-09
276,.0072266,-.0105591,-.0001975,-.000097,-.0000116,.0000549,1.19e-09,-1.59e-08
277,.0168074,.0115677,-.0004215,-.0004072,-1.17e-06,.0000215,-3.95e-09,-8.52e-09
278,.0127264,.0218779,-.0003214,-.0006494,-.0000125,.0000471,1.40e-09,-1.28e-08
279,.009991,.0489223,-.0002613,-.0013154,-1.50e-06,9.93e-06,-3.43e-09,-4.51e-09
280,.0093008,.0418743,-.0004501,-.0010066,6.48e-07,.0000415,-9.98e-10,-1.02e-08
281,.0116293,.0750045,-.0006076,-.0016108,.0000217,.0000262,-2.55e-09,-8.60e-09
282,.008958,.0077895,-.0004727,-.0003365,.000038,.0000383,-9.38e-09,-1.04e-08
283,.0117414,.0535389,-.0004885,-.001438,-8.69e-06,.0000132,-1.74e-09,-3.36e-09
284,.0016389,-.0085472,2.33e-07,-.0000265,.0000445,.0000274,-9.51e-09,-8.38e-09
285,.01264,.0303629,-.0004451,-.0009914,3.68e-06,.0000191,-3.78e-09,-7.65e-09
286,.0195716,.0104751,-.0007707,-.0003892,.0000229,.0000213,-4.73e-09,-4.39e-09
287,.0082598,.0365809,-.000246,-.0009894,9.37e-07,.0000303,-3.29e-09,-8.18e-09
288,.0119137,.002823,-.0003351,-.0004366,.000018,.0000192,-5.31e-09,-5.94e-09
289,.0057218,.0341651,-2.17e-06,-.0008711,-8.38e-06,.0000155,2.71e-09,-4.54e-09
290,.0158991,.0289516,-.0004186,-.0007755,7.63e-06,.0000167,-1.77e-09,-6.64e-09
291,.0041499,-.0074135,-.0001208,-.0001462,8.03e-06,.0000139,-4.03e-09,-3.84e-09
292,.0068393,.0938456,-.000383,-.0022326,1.70e-06,.0000229,-2.92e-10,-6.26e-09
293,.0078814,.0206597,-.0002314,-.0007464,.0000132,.0000247,-2.41e-09,-4.15e-09
294,.0086775,.0328895,-.0000858,-.0009211,9.70e-06,9.87e-06,-8.32e-10,-5.46e-09
295,.0074785,.0441426,-.0002435,-.001146,2.22e-07,.0000101,-2.47e-09,-3.76e-09
296,.0040307,.0130827,.0000439,-.0004571,6.22e-06,.000049,1.81e-10,-1.35e-08
297,.0110297,.055225,-.0005903,-.0013598,-4.64e-06,.0000199,1.49e-09,-5.47e-09
298,.0073976,.0288041,-.0003011,-.0008271,7.96e-06,.0000151,-1.86e-09,-5.12e-09
299,.0101439,.0365636,-.0002826,-.0008337,.0000361,.0000409,-9.97e-09,-1.14e-08
300,.0147173,.0130876,-.0005365,-.0005405,-.0000238,.0000368,4.62e-09,-1.19e-08
301,.0106846,.0129263,-.0003867,-.0005133,-.0000104,.0000246,1.11e-09,-7.54e-09
302,.0094248,.0581866,-.0002876,-.0015206,8.73e-06,.0000534,-1.50e-09,-1.27e-08
303,.0107607,.0467704,-.0004477,-.0013024,.0000298,.0000255,-8.99e-09,-7.92e-09
304,.0112915,.026192,-.0005166,-.0009222,-9.33e-06,.0000222,-1.22e-09,-7.97e-09
305,.0012588,.0259134,.0000631,-.0008705,6.21e-06,1.91e-06,1.81e-11,-3.12e-09
306,.0184614,.0377022,-.0004468,-.0010919,.0000242,.0000309,-5.85e-09,-9.33e-09
307,.0134145,-.0261748,-.0004727,.0004368,5.03e-06,.0000483,6.10e-10,-1.35e-08
308,.0153086,.037894,-.0005116,-.0009743,4.84e-07,1.65e-06,-7.70e-10,-2.79e-09
309,.0082139,.0211018,-.0002739,-.0007191,4.90e-07,.0000141,-4.33e-09,-4.84e-09
310,.0126661,.0051092,-.0004288,-.0004158,-.0000267,.0000293,5.35e-09,-9.29e-09
311,.0017498,.0110231,.0001559,-.0005537,.0000137,.0000243,-6.63e-09,-6.08e-09
312,.0046215,-.0079645,-.0001283,-.0002896,.000013,7.02e-06,-7.56e-10,-1.27e-09
313,.0083278,.0179171,-.0003873,-.0005134,-.0000179,.0000315,1.66e-09,-9.73e-09
314,.0036323,.0030235,-.0000455,-.0002745,.0000134,.0000338,-5.11e-09,-1.08e-08
315,.0063074,.026327,-.000396,-.0006487,4.24e-06,.0000295,-1.25e-09,-8.31e-09
316,.0050852,.0012965,-.0001202,-.0001058,.0000105,.0000397,-2.43e-09,-9.69e-09
317,.0066079,.0097278,-.0002663,-.0004583,9.71e-06,.0000148,-4.85e-09,-5.40e-09
318,.0169437,.0573982,-.0006379,-.0015721,-.0000274,.0000315,2.05e-09,-1.08e-08
319,.0123796,.0227677,-.0002433,-.0006547,3.72e-06,.0000157,-1.92e-09,-4.59e-09
320,.0070361,.0233335,-.0003218,-.0007976,.0000168,2.93e-06,-4.82e-09,-3.27e-09
321,.0034212,.0835916,-.0002424,-.0019202,-.0000139,.0000579,3.09e-09,-1.30e-08
322,.0152829,.0511158,-.0004368,-.0013104,2.26e-06,.0000112,-2.98e-09,-5.97e-09
323,.0129479,.0587902,-.0005385,-.0013204,-.000015,.0000424,2.24e-09,-1.10e-08
324,.0066514,.0296524,-.0002343,-.0007735,-9.36e-06,.0000191,3.30e-09,-6.67e-09
325,.0077353,.0171196,-.0002902,-.000688,8.17e-06,.0000409,-2.93e-09,-1.18e-08
326,.0075937,.0694768,-.0002718,-.0018355,-4.96e-07,.0000181,-1.16e-09,-5.33e-09
327,-.0001373,.0492636,-.0001394,-.0011085,8.63e-06,.0000415,-5.18e-09,-1.22e-08
328,.0148995,.0206155,-.0004292,-.0006623,.0000168,.0000306,-2.43e-09,-8.02e-09
329,.0100143,.0386501,-.000285,-.0010157,.0000156,.000044,-3.11e-09,-1.07e-08
330,.0100793,.0037307,-.0005219,-.000297,.0000193,.0000224,-4.19e-09,-5.96e-09
331,.0073989,.0454296,-.0002465,-.0012125,1.73e-06,.0000588,-4.49e-10,-1.50e-08
332,.0043299,.0300516,-.0001992,-.0007535,-4.04e-06,.0000471,-1.07e-09,-1.42e-08
333,.015677,.0597179,-.0006377,-.0015668,.0000118,.0000326,-4.78e-09,-9.10e-09
334,.0180172,.0275279,-.0005079,-.0009447,-.000017,.0000246,2.07e-09,-5.17e-09
335,.0143515,.1050561,-.000622,-.0024136,-.0000188,.0000596,4.76e-09,-1.64e-08
336,.0056375,.0246813,-.0001829,-.0006513,.0000366,.0000271,-1.08e-08,-8.66e-09
337,.0168681,.0371938,-.0006112,-.0010638,.0000521,.0000159,-1.31e-08,-3.76e-09
338,.0192974,.0856825,-.0004876,-.0019829,-1.19e-06,.0000306,1.12e-10,-1.07e-08
339,.0101301,.0152842,-.0003617,-.0005689,.0000223,.0000109,-7.01e-09,-3.99e-09
340,.0124558,.0277143,-.0004304,-.000787,.0000224,.0000464,-5.19e-09,-1.17e-08
341,.0013771,.0113443,-.0000369,-.000313,.0000235,.0000269,-8.27e-09,-8.22e-09
342,.0152233,.0066995,-.0003696,-.0003369,9.82e-07,.0000199,-1.13e-09,-6.03e-09
343,.0077379,.0366387,-.0002943,-.0010986,-.0000154,.0000212,5.86e-09,-4.38e-09
344,.0115896,.021825,-.0003971,-.0007144,4.61e-06,.0000206,-3.25e-09,-4.26e-09
345,.004566,.0338661,-.0001897,-.0009966,.0000108,6.06e-08,-1.94e-09,-1.67e-09
346,.0083029,.0626829,-.000215,-.0013762,9.13e-06,.0000243,-4.36e-09,-7.52e-09
347,.0088599,.0224104,-.0003355,-.0008406,.0000202,-1.68e-06,-5.55e-09,-2.40e-09
348,.0079868,.0234531,-.0002362,-.0006792,.0000204,.0000223,-5.45e-09,-9.95e-09
349,.006323,.0283104,-.000135,-.0007501,8.75e-06,.0000381,-4.10e-09,-1.12e-08
350,.008206,.0126898,-.0001844,-.0005337,-3.28e-06,.0000197,-2.21e-09,-7.57e-09
351,.0118755,.0222344,-.0005485,-.0007239,-.0000112,.0000368,-2.77e-10,-1.11e-08
352,.010973,.0220777,-.0004626,-.0006712,5.24e-06,.0000231,-1.81e-09,-3.76e-09
353,.0112086,.0494568,-.0005217,-.0013518,9.53e-06,.00004,-2.41e-09,-1.06e-08
354,.0005117,.0015246,-.0001764,-.0000376,-7.08e-06,.0000532,-2.21e-09,-1.28e-08
355,.0082931,.046137,-.000372,-.0011586,.0000197,.0000329,-6.07e-09,-9.45e-09
356,.0088563,.0155882,-.0002333,-.0004032,.0000285,.0000367,-5.24e-09,-9.49e-09
357,.0083808,.0156918,-.0001491,-.0005475,.0000204,.0000461,-4.36e-09,-1.06e-08
358,.0129663,.0324824,-.0003749,-.0010082,-.0000116,.0000316,2.11e-09,-8.77e-09
359,.0039186,.0046119,-.0002468,-.0002196,.0000142,.00003,-5.73e-09,-8.97e-09
360,.0023626,.0091269,-.0002102,-.0004503,.0000372,.0000454,-7.50e-09,-1.27e-08
361,.0052428,.03697,-.0002332,-.0008672,-.0000246,.0000281,7.13e-09,-8.37e-09
362,.0036397,.0070542,-.0001303,-.0004822,.0000185,.0000127,-3.20e-09,-4.54e-09
363,.0107967,.0342817,-.0004134,-.0008709,7.09e-06,.0000343,-2.96e-09,-1.26e-08
364,.0061844,.0357491,-.0002456,-.0009793,.0000207,.000016,-6.12e-09,-4.64e-09
365,.0118585,.0323884,-.0002891,-.0008585,.0000177,.0000346,-5.64e-09,-9.03e-09
366,.0172499,.004419,-.0006411,-.000334,-2.46e-06,.0000442,-3.90e-09,-1.46e-08
367,.0060077,.0162344,-.0002248,-.0005892,-9.20e-06,.0000182,3.41e-09,-6.30e-09
368,.0069726,.0154006,-.0002464,-.000561,.0000319,.0000146,-9.14e-09,-5.03e-09
369,.0128058,.0073958,-.0004867,-.0003519,-2.42e-06,8.27e-06,-2.90e-09,-3.48e-09
370,.0096802,.024448,-.000388,-.0006163,9.74e-06,.000049,-2.90e-09,-1.43e-08
371,.0118074,.0566465,-.0003069,-.0013887,.0000206,.0000322,-8.37e-09,-8.84e-09
372,.0056669,.0101971,-.000214,-.0002608,5.45e-06,.0000551,3.50e-10,-1.47e-08
373,.0095165,.0107256,-.0003933,-.0003723,.0000296,.0000234,-8.59e-09,-7.69e-09
374,.0102916,.0101211,-.0003718,-.0003763,3.28e-06,.0000147,-2.76e-09,-6.10e-09
375,.0165217,.0420439,-.0005997,-.0012455,.000019,.000011,-6.93e-09,-4.38e-10
376,.0115064,.0205942,-.0003609,-.0005638,5.43e-06,.0000329,-2.80e-09,-9.98e-09
377,.0073513,.0079339,-.0003098,-.0003773,-.0000247,.0000254,6.68e-09,-8.20e-09
378,.0129873,.0427725,-.0003559,-.0010529,.0000205,.0000303,-8.38e-09,-9.88e-09
379,.0094812,.0304951,-.0004667,-.000938,-1.24e-06,-4.14e-06,-5.27e-09,-1.39e-09
380,.0098355,.0086654,-.0003167,-.000416,.0000302,.0000469,-9.97e-09,-1.15e-08
381,.0149724,.0455518,-.0003243,-.001233,.0000307,.0000454,-8.97e-09,-1.37e-08
382,.003323,.0313488,-.0000604,-.0009099,1.87e-06,.0000592,2.56e-10,-1.44e-08
383,.0131201,.0462018,-.0004444,-.0011739,1.80e-06,1.06e-06,-1.50e-10,-1.44e-09
384,.0101769,.0078988,-.0002833,-.0002265,9.58e-06,.0000369,-2.55e-09,-1.24e-08
385,.0100784,.0276615,-.000404,-.0009149,-.0000149,.0000238,-4.32e-10,-1.04e-08
386,.0096101,.031966,-.0004075,-.0011148,.0000163,.0000295,-4.17e-09,-7.98e-09
387,.0077864,.0308442,-.0002114,-.0007767,4.77e-06,.0000248,-2.66e-09,-9.35e-09
388,.00786,.0211708,-.0002362,-.0007114,1.47e-06,.0000152,-1.89e-09,-3.75e-09
389,.0087957,.0125052,-.0002014,-.0004524,-.0000324,9.07e-06,9.91e-09,-2.89e-09
390,.0129618,.0310532,-.0005264,-.0007723,-8.69e-07,.0000361,-7.96e-10,-1.20e-08
391,.0124096,.0511231,-.000468,-.00124,6.90e-06,.0000169,-3.35e-09,-4.69e-09
392,.0061591,.0164717,-.0000932,-.0004988,2.65e-06,.0000318,8.25e-10,-9.03e-09
393,.013711,.0414478,-.0003563,-.0011266,-.0000407,.0000418,1.60e-08,-1.16e-08
394,.0104512,-.0029385,-.0004092,-.0000828,-8.81e-06,.000022,1.68e-09,-6.31e-09
395,.012693,.019107,-.0003213,-.0005331,-2.33e-06,.0000187,-2.88e-09,-7.84e-09
396,.0121839,.0185592,-.0004026,-.0006641,.0000104,.0000448,-5.38e-09,-1.08e-08
397,.0103906,.0075413,-.0002739,-.0004444,8.15e-06,.0000415,-9.99e-10,-1.00e-08
398,.0019563,.0245025,-.0001844,-.0005491,1.46e-06,.0000403,-2.04e-09,-9.53e-09
399,.0087539,.0346972,-.0001996,-.0009277,.0000225,.0000187,-3.47e-09,-7.58e-09
400,.0139063,.0284568,-.0007151,-.0008211,.0000125,7.36e-06,-1.61e-09,-1.20e-09
401,.0149408,.0059496,-.0005237,-.0004522,-2.93e-06,9.92e-06,-1.51e-09,-3.45e-09
402,.0090088,.0337672,-.000374,-.0010832,.0000239,-4.04e-06,-7.37e-09,9.90e-10
403,-.0027456,.0388351,.0001002,-.0010199,.0000123,.0000243,-2.14e-09,-6.89e-09
404,.0110387,.0165457,-.000177,-.0005203,6.11e-06,.0000282,-3.62e-09,-8.00e-09
405,.0086345,.03166,-.0004058,-.0010381,-1.48e-06,.0000229,-1.38e-09,-9.97e-09
406,.0148276,.0088826,-.0006606,-.0003565,-.0000162,.0000323,1.64e-09,-6.92e-09
407,.0095217,.0041856,-.0002988,-.0002236,1.86e-06,.000041,7.42e-10,-1.48e-08
408,.0151022,.0256421,-.0005248,-.0006659,7.02e-06,.0000333,-7.82e-10,-9.97e-09
409,.0107079,.0031299,-.0003174,-.0002758,-.0000155,.0000182,2.13e-09,-6.75e-09
410,.0061041,.0333694,-.000169,-.0008001,-6.48e-08,.0000148,5.55e-10,-4.64e-09
411,.0104824,.0018538,-.0003876,-.0003326,.0000174,.0000347,-3.60e-09,-8.91e-09
412,.0055245,.0158149,-.000105,-.0006172,9.06e-06,.0000302,2.03e-09,-1.06e-08
413,.0088206,.0263019,-.0004392,-.0008612,5.96e-06,.0000158,-5.25e-09,-4.51e-09
414,.0032265,.0258941,-.0002174,-.0007069,9.60e-06,.0000348,-2.12e-09,-8.39e-09
415,.0105126,.030115,-.0005828,-.0007714,-1.73e-06,.0000393,-1.97e-10,-1.11e-08
416,.0123417,.033165,-.0005496,-.0008748,.0000135,.0000318,-6.69e-09,-9.49e-09
417,.0101865,.0098878,-.0004125,-.0003588,-.0000205,.0000293,5.64e-09,-8.45e-09
418,.0060973,.0291527,-.0003051,-.0008732,-2.45e-06,.0000402,-1.23e-10,-1.29e-08
419,.0092928,.0247533,-.0004154,-.0007008,.0000185,.0000267,-3.13e-09,-7.31e-09
420,.0104863,.0341649,-.0002963,-.0007978,-.0000174,.0000229,9.30e-10,-8.97e-09
421,.0164241,.0041434,-.0005111,-.0002471,.0000138,.0000357,-4.02e-09,-1.12e-08
422,.0098865,.0093756,-.000309,-.0006604,8.06e-06,4.11e-06,-2.36e-09,-9.67e-10
423,.0080055,.014291,-.0004212,-.000415,6.31e-06,.0000498,-2.21e-09,-1.53e-08
424,.0100255,.0322111,-.0003801,-.0010302,.0000227,.0000228,-4.39e-09,-4.97e-09
425,.0099303,.0257177,-.000323,-.0007385,.0000112,.0000381,-2.89e-09,-7.68e-09
426,.0104839,.0286907,-.0002969,-.0007649,.0000269,.0000375,-7.05e-09,-1.07e-08
427,.0038818,.0431014,-.000192,-.0012141,6.78e-06,.0000416,-1.24e-09,-1.13e-08
428,.0128925,.0012559,-.0003085,-.0001712,-.0000119,.0000112,3.39e-09,-3.76e-09
429,.0089996,.0054265,-.0003415,-.000299,-2.55e-06,.0000267,-1.96e-09,-6.30e-09
430,.0171526,.0040224,-.0004525,-.0002797,.000013,.0000524,-3.53e-09,-1.67e-08
431,.0159081,.0254252,-.0006015,-.0007236,3.84e-06,2.78e-06,-1.84e-09,-2.16e-09
432,.0133865,.0121181,-.0003178,-.0004293,.0000448,.0000158,-1.21e-08,-5.41e-09
433,.003627,.0405518,-.0001912,-.0009987,-.000013,.0000376,5.98e-09,-1.18e-08
434,.0131674,.0431802,-.0003778,-.00114,5.07e-06,.0000242,-3.37e-09,-7.47e-09
435,.0069289,.0455687,-.0003772,-.0011484,-4.45e-06,.0000149,-1.20e-09,-3.72e-09
436,.0126919,.0241796,-.0003092,-.0007756,-.0000125,.00002,5.14e-09,-5.66e-09
437,.0022931,.0462962,-.0000293,-.0011188,.0000114,.0000106,-2.76e-09,-3.65e-09
438,.0124864,.0381782,-.0003909,-.0011831,-3.93e-06,.0000189,2.88e-09,-6.91e-09
439,.004826,.0323543,-.0000824,-.0009364,6.88e-06,.0000367,-2.29e-09,-1.19e-08
440,.017372,.0168693,-.0006123,-.0004752,.0000261,.0000595,-6.66e-09,-1.69e-08
441,.0039714,.0337363,-.0002127,-.0008185,2.81e-06,.0000176,-1.95e-09,-5.76e-09
442,.0058885,.0396813,-.0001901,-.0011778,.0000147,.0000262,-4.41e-09,-5.82e-09
443,.013223,.0508447,-.0003845,-.0013175,-.0000164,.0000202,8.98e-10,-7.55e-09
444,.0136371,.0369213,-.0003052,-.0013506,-.0000143,.0000155,-8.22e-10,-5.88e-09
445,.0067689,.1070156,-.0000911,-.0024567,9.36e-06,.00005,-7.17e-10,-1.19e-08
446,.0084421,.0349796,-.0002841,-.0008491,.0000279,.0000167,-6.08e-09,-5.13e-09
447,.0092974,-.0290638,-.0001517,.0003572,-5.19e-06,.0000207,1.50e-10,-6.14e-09
448,.0149408,.0685228,-.000473,-.0017787,8.21e-06,8.15e-06,-7.80e-09,-4.79e-09
449,.0114147,.0234718,-.000391,-.0006853,.0000113,.0000329,-1.09e-09,-8.27e-09
450,.0128438,-.0058586,-.000419,-.0000958,.000022,.0000292,-5.61e-09,-7.54e-09
451,.0111279,.0002972,-.0003259,-.000169,.0000246,.0000431,-7.90e-09,-1.13e-08
452,.0179401,.0293901,-.0006615,-.0008906,.0000192,.0000234,-6.80e-09,-8.90e-09
453,.0111359,.0563713,-.0003193,-.0014944,3.98e-06,9.62e-06,-1.52e-10,-1.68e-09
454,.0127712,.031,-.000344,-.0008617,4.32e-06,.0000156,4.40e-10,-3.67e-09
455,.0096305,.0174301,-.0002606,-.0008118,-.0000106,.0000134,-1.57e-09,-4.31e-09
456,.0069831,.0154019,-.0001816,-.0005193,.0000175,.0000268,-2.61e-09,-7.58e-09
457,-.0003279,.020334,-.0000803,-.000761,4.70e-06,.0000438,3.37e-10,-1.10e-08
458,.0122796,.0434484,-.0003861,-.0011648,7.96e-06,.000027,-3.94e-09,-1.05e-08
459,.0079968,.0105103,-.0003571,-.0004003,-.0000108,.000025,4.46e-09,-7.07e-09
460,.0126322,.0060993,-.0005148,-.0004006,-4.49e-06,.0000128,-2.83e-09,-7.34e-09
461,.0087257,.033663,-.0000461,-.0009573,-6.08e-06,.0000411,-3.69e-10,-1.25e-08
462,.0168526,.0601151,-.0004694,-.0016887,.0000255,.0000119,-9.21e-09,-4.63e-09
463,.0108605,.0338208,-.0003053,-.0010688,5.90e-06,.0000198,-1.56e-09,-3.48e-09
464,.0183502,.0555463,-.0004532,-.0013996,-.0000148,.000046,2.99e-09,-1.36e-08
465,.0071615,.0343108,-.0003286,-.0009771,.0000173,.0000189,-5.88e-09,-4.37e-09
466,.0026714,.0331972,-.0000629,-.0009853,.0000141,.0000216,-2.17e-09,-7.63e-09
467,.008426,.0315011,-.0001626,-.000887,-2.17e-06,.0000114,-9.94e-10,-3.83e-09
468,.0062056,.0716847,-.000404,-.0017937,1.38e-06,.0000185,-6.61e-10,-4.87e-09
469,.0111312,.0186496,-.0003343,-.0006607,4.83e-06,.0000175,-3.83e-09,-5.21e-09
470,.0136242,.00286,-.0005057,-.0001611,-3.87e-06,.0000362,-1.17e-09,-1.14e-08
471,.0088017,.0320005,-.0002676,-.0007741,.0000166,.0000394,-4.21e-09,-1.16e-08
472,.0085548,.0163683,-.0003473,-.0005669,-6.63e-06,.000021,-2.15e-09,-6.73e-09
473,.0101749,.0158008,-.000226,-.0005623,-4.38e-06,.000012,2.72e-09,-4.06e-09
474,.0077644,.0103389,-.0002053,-.0004124,-7.65e-06,.0000436,4.68e-10,-1.02e-08
475,.0127891,.0329309,-.0004885,-.0009547,-.0000171,.0000189,2.93e-09,-5.22e-09
476,.0132529,.0216884,-.0005125,-.0007356,-4.94e-06,.0000461,2.28e-09,-1.21e-08
477,.0070885,.0308579,-.0002823,-.0008463,9.90e-06,.0000247,-5.35e-09,-6.37e-09
478,.0033784,.02476,-.0001961,-.0005768,9.08e-06,.0000322,-7.29e-09,-8.67e-09
479,.0025768,.0490845,-.0000215,-.001237,9.31e-06,.0000193,1.39e-09,-5.73e-09
480,.0029566,.0446485,.0000104,-.0011758,.0000223,.0000211,-1.89e-09,-4.79e-09
481,.0096899,-.0028423,-.0004292,-.0001841,.0000238,.0000311,-3.73e-09,-8.34e-09
482,.0212535,-.0038562,-.0008696,-.0002627,.0000108,.0000136,-2.32e-09,-3.60e-09
483,.0049996,.021149,-.0002238,-.0006751,.0000112,.0000451,-2.36e-09,-1.15e-08
484,.0156044,.0341942,-.0005919,-.0009956,-.0000166,.0000206,2.79e-09,-5.54e-09
485,.004756,.0038792,-.0001983,-.0003624,-4.11e-06,.0000371,4.88e-10,-1.05e-08
486,.0135316,.004533,-.0004871,-.0003839,-3.11e-06,4.31e-07,-5.95e-10,-1.03e-09
487,.0123235,.05648,-.0003225,-.0015069,-6.67e-06,.0000386,-1.55e-09,-1.14e-08
488,.0054295,.0240861,-.0003523,-.0006311,9.37e-06,.0000268,-2.81e-09,-6.78e-09
489,.0066507,.0216206,-.0002665,-.0006899,.0000227,.00002,-5.17e-09,-7.74e-09
490,.0058233,.0172547,-.0003297,-.000694,.0000404,.0000163,-1.08e-08,-4.52e-09
491,.0194766,.0482965,-.0007197,-.0012535,2.35e-06,.0000372,-2.82e-09,-8.40e-09
492,.009991,.0416843,-.0006016,-.0010477,.0000136,.0000306,-1.12e-09,-6.47e-09
493,.0112627,.0257959,-.0003804,-.0007814,5.80e-06,.0000571,4.40e-10,-1.62e-08
494,.011348,.0255984,-.0004222,-.0008809,-.000017,.0000525,3.32e-10,-1.30e-08
495,.0122177,.0404297,-.0006683,-.0010301,9.32e-06,.0000174,-4.07e-09,-3.77e-09
496,.0034528,.0257932,-.0001608,-.0007624,9.52e-06,.0000184,-1.68e-09,-4.80e-09
497,.0058376,.0011191,-.0002255,-.0001742,-1.81e-06,.000031,4.73e-09,-8.40e-09
498,.0110524,.0110174,-.0004997,-.0003491,-1.27e-07,.0000331,-5.57e-10,-1.15e-08
499,.0119997,.043605,-.000305,-.0011878,3.82e-06,.0000287,-2.65e-09,-1.06e-08
500,.007862,.028604,-.0003151,-.0007517,.0000101,.0000182,-3.27e-09,-3.58e-09
501,.0082063,.011124,-.0002393,-.0003812,-.0000106,.0000327,-2.83e-11,-1.20e-08
502,.0150493,.0368664,-.0005845,-.0010663,6.48e-06,7.47e-06,-1.81e-09,-2.95e-09
503,.004699,.0333149,-.000366,-.0009405,-1.21e-06,.0000121,-2.74e-09,-3.33e-09
504,.0092824,.0119547,-.0004197,-.0004716,-1.06e-06,.0000226,-1.20e-09,-8.04e-09
505,.0056512,.0486163,-.0002292,-.0013142,-4.61e-06,.000027,1.78e-09,-8.14e-09
506,.0056964,.0323482,-.0001642,-.0010635,-.0000109,.0000291,2.73e-09,-8.30e-09
507,.0125427,.025684,-.0006279,-.0008032,.0000144,.0000209,-6.23e-09,-6.13e-09
508,.0099028,.0581919,-.0005119,-.0014394,.0000192,.0000531,-4.30e-09,-1.51e-08
509,.0116407,-.0116833,-.0005118,-.0000105,2.20e-07,.0000215,-3.82e-09,-5.62e-09
510,.0020924,.0757287,-4.33e-06,-.0019055,.0000175,.0000339,-5.11e-09,-1.16e-08
511,.014349,.0108458,-.0004881,-.0004997,-.0000208,.0000146,1.43e-09,-5.11e-09
512,.0153606,-.0014333,-.0005975,-.0002246,4.48e-06,-9.82e-06,-3.61e-09,5.05e-10
513,.0022313,.0475586,-.0001951,-.0012716,4.43e-07,.0000344,-7.17e-10,-9.54e-09
514,.0061463,.0349744,-.000264,-.0009177,3.84e-06,.0000149,-3.67e-09,-6.00e-09
515,.0172183,.0069299,-.0005053,-.0003523,-.0000333,.0000189,4.80e-09,-7.16e-09
516,.0039191,.0224925,-.000126,-.0008621,-.0000298,.0000129,7.25e-09,-3.42e-09
517,.0087258,.0156376,-.0005086,-.0005562,-.0000113,.0000253,2.28e-09,-8.77e-09
518,.0166708,.0431022,-.0008508,-.0010521,5.32e-07,.0000195,-2.29e-09,-7.38e-09
519,.0078029,.0260534,-.0004236,-.0007678,.0000226,.0000334,-5.77e-09,-7.13e-09
520,.0049581,.0295789,-.0003376,-.0008626,.0000151,.0000443,-4.57e-09,-9.72e-09
521,.0108667,.0152292,-.0003,-.0007069,-.0000219,.0000178,4.36e-09,-4.82e-09
522,.0187503,.1013252,-.0007667,-.0024566,.000013,.0000159,-7.19e-09,-5.59e-09
523,.0075228,.0185649,-.0002972,-.0007605,.0000137,.0000301,-2.60e-09,-7.68e-09
524,.0072737,.0550928,-.0001652,-.0012814,.0000114,.0000272,-2.57e-09,-9.09e-09
525,.0099629,.0379913,-.0002478,-.0011321,-.0000107,.000018,4.68e-09,-4.67e-09
526,.0159387,.0297265,-.0005445,-.0007341,9.22e-06,.0000228,-1.82e-09,-5.05e-09
527,-.0001359,.005829,-.0001492,-.0003402,.000014,.0000519,-4.61e-09,-1.37e-08
528,.0057679,.0040223,-.0003473,-.0003984,8.66e-06,.0000454,-5.62e-10,-1.11e-08
529,.008353,-.005183,-.0002233,-.0001343,5.33e-07,8.97e-06,4.83e-10,-1.52e-09
530,.0124655,.0276414,-.0002808,-.0007739,-9.84e-06,.0000488,-1.71e-10,-1.43e-08
531,.008237,.0131132,-.0002686,-.0004991,.0000157,.0000171,-3.83e-09,-5.84e-09
532,.0040957,.0380964,.0000288,-.0010793,.0000137,.0000432,-1.66e-09,-1.23e-08
533,.0063094,.0538363,-.000206,-.0014076,1.87e-06,.000026,-2.30e-09,-7.74e-09
534,.0104607,.0366216,-.0004931,-.0010184,-4.29e-06,.0000154,-3.45e-09,-4.86e-09
535,.0040624,-.0183152,-.000228,-.0000295,.0000117,.0000128,-3.94e-09,-4.01e-09
536,.0160238,.0247147,-.0005705,-.0007101,.0000169,.0000236,-6.62e-09,-7.26e-09
537,.0009762,-.0075989,-3.28e-06,-.0000602,-.000019,.0000478,2.31e-09,-1.29e-08
538,.0063813,.0105124,-.0003889,-.0005418,2.98e-06,.0000333,-5.65e-09,-8.04e-09
539,.0170703,.0599818,-.0006678,-.0014772,-3.73e-06,.0000282,-4.39e-10,-8.23e-09
540,.0032602,.0060877,-.000187,-.0001896,3.83e-06,.0000416,8.33e-10,-1.13e-08
541,.0063072,.0104229,-.0000399,-.0005097,.0000325,.0000317,-8.08e-09,-1.08e-08
542,.0149528,.0548445,-.0005988,-.0013139,.0000184,.0000208,-8.25e-09,-6.41e-09
543,.0125678,.0494709,-.0005024,-.0013877,-3.60e-06,.0000411,2.23e-10,-1.04e-08
544,.0130321,.0443856,-.0005222,-.0011886,.000044,.0000343,-1.28e-08,-8.92e-09
545,.0096911,.0467433,-.0004075,-.0012422,2.06e-06,.0000505,-1.81e-09,-1.37e-08
546,-.0040616,.042956,.0002359,-.0011361,.0000346,8.32e-06,-9.88e-09,-3.04e-09
547,.0107638,-.0079924,-.0003368,-.000171,.0000123,.0000237,-3.03e-09,-7.35e-09
548,.0068383,.0238679,-.0001169,-.0008641,1.21e-06,.0000316,1.18e-10,-1.05e-08
549,.0069694,.0295877,-.0002392,-.0008863,.0000297,9.87e-06,-8.90e-09,-3.77e-09
550,.0105259,.0126842,-.0003446,-.0004015,4.22e-06,.000044,-3.30e-09,-1.30e-08
551,.0069505,.0166146,-.0002426,-.0005424,.0000206,3.44e-06,-7.92e-09,-1.30e-09
552,.005296,.0326049,-.0001317,-.0008224,.0000274,.0000237,-1.20e-08,-8.86e-09
553,.0089188,.0216161,-.0004867,-.0006809,-8.36e-07,.0000204,-1.59e-09,-5.78e-09
554,.0137335,.033225,-.0004078,-.0011554,-.0000115,.0000226,2.29e-09,-6.35e-09
555,.0076073,.0494362,-.0003376,-.0011964,.0000148,.0000353,-6.31e-09,-1.25e-08
556,.0145665,.0217789,-.0004998,-.000765,1.33e-06,.0000467,1.22e-09,-1.27e-08
557,.0088779,.0370685,-.0000761,-.0012286,5.23e-06,.0000378,-3.28e-09,-1.05e-08
558,.0117945,.0141215,-.0002818,-.0005674,.0000347,.0000294,-5.92e-09,-8.59e-09
559,.0161726,.0575523,-.0004546,-.0015289,1.50e-06,-.00001,-3.06e-09,1.27e-09
560,.0210878,.0148622,-.0008976,-.0005143,-2.29e-06,.0000446,9.41e-10,-1.55e-08
561,.0092421,.0093888,-.000219,-.0005249,.0000178,.0000561,-3.51e-09,-1.61e-08
562,.0084235,.0465871,-.0002657,-.0012033,2.92e-06,.0000344,-3.18e-09,-1.03e-08
563,.00811,.0308239,-.0002566,-.0009352,6.98e-06,.0000397,-1.74e-09,-1.21e-08
564,.0128916,.0542729,-.0004043,-.001351,-9.25e-07,.0000501,1.25e-09,-1.43e-08
565,.0153789,.0409713,-.0005679,-.0011092,6.97e-06,.0000319,-4.45e-10,-9.63e-09
566,.0106716,.0227742,-.0001632,-.0006221,2.11e-06,.0000594,8.76e-10,-1.81e-08
567,.0117796,-.0234477,-.0005005,.0002875,-1.09e-06,.0000333,-3.00e-09,-7.25e-09
568,.0178178,.0270441,-.0007353,-.0007507,.0000198,.0000228,-2.96e-09,-6.42e-09
569,.016551,.0152868,-.0006465,-.000526,-3.55e-07,.0000402,-5.85e-10,-1.13e-08
570,.0104286,.0230892,-.0002997,-.0006937,8.14e-06,.0000288,-2.28e-09,-7.42e-09
571,.022403,.0186021,-.0007458,-.000538,9.34e-06,.0000239,-6.26e-09,-6.26e-09
572,.0041678,.031289,-.0001188,-.0009225,-1.12e-06,.0000117,-5.30e-10,-2.35e-09
573,.0059902,.0442433,-.0001475,-.0012833,.0000293,.0000327,-8.57e-09,-9.73e-09
574,.0049886,.008205,-.0000654,-.0004213,2.33e-06,.0000499,4.31e-10,-1.32e-08
575,.0098703,.0164316,-.0003829,-.0007119,.0000355,.0000421,-5.54e-09,-1.14e-08
576,.0093105,.0692386,-.0002796,-.0017186,1.45e-06,.000016,-1.22e-09,-7.76e-09
577,.0126837,.0330694,-.0007803,-.0008592,-.0000253,.0000121,6.66e-09,-3.14e-09
578,.0126184,.0113011,-.0003749,-.000427,-3.01e-06,.0000472,-2.42e-09,-1.16e-08
579,.004785,.0289512,-.0002016,-.000851,.0000138,.0000391,-3.60e-09,-9.66e-09
580,.010258,.0266347,-.0003434,-.0009269,2.53e-06,.0000489,-2.54e-09,-1.29e-08
581,.0064025,.0645777,-.0000346,-.0014273,-2.27e-06,.0000196,-4.20e-10,-7.61e-09
582,.0065655,.0048445,-.0004308,-.0003619,.0000167,.0000234,-2.23e-09,-6.19e-09
583,.0160903,.0173508,-.0004663,-.000784,.0000115,.0000191,-2.61e-09,-5.44e-09
584,.0111734,.0065855,-.0002904,-.0002245,-4.92e-06,.0000134,-5.56e-10,-5.76e-09
585,.0125609,.0676765,-.000536,-.0014999,.0000116,.0000361,-8.84e-10,-1.03e-08
586,.0107047,.0238361,-.0003566,-.0007117,.0000236,.0000291,-7.08e-09,-8.68e-09
587,.0029297,.035155,.0000668,-.0009833,.0000233,.0000144,-6.37e-09,-4.44e-09
588,.0110951,.0558208,-.0004519,-.0014216,8.36e-06,.0000164,-2.79e-09,-7.02e-09
589,.0171576,.0631631,-.0006215,-.0016906,-1.75e-06,.000011,-2.91e-09,-2.59e-09
590,.0087305,.0291968,-.0002406,-.0007988,-.0000147,8.85e-06,3.53e-09,-2.95e-09
591,.0051822,.0689438,-.00017,-.0017572,.0000311,.0000121,-7.43e-09,-5.47e-09
592,.0023573,.0316894,-4.89e-06,-.0009473,-9.34e-07,.0000297,-2.05e-10,-9.03e-09
593,.0138402,.0133266,-.000546,-.0004521,.0000137,.000039,-2.29e-09,-1.16e-08
594,.0187147,.0030001,-.0007026,-.0004131,2.30e-06,.0000136,1.09e-10,-4.55e-09
595,.015852,.0566248,-.000582,-.0014772,.0000118,.0000209,-3.34e-09,-5.79e-09
596,.0140114,.042388,-.0003849,-.0011936,.0000175,.0000294,-3.43e-09,-8.52e-09
597,.00274,.0366456,-.0000363,-.000984,-3.06e-06,.0000238,1.03e-10,-7.22e-09
598,.0089533,.0283011,-.0002768,-.000775,4.66e-06,6.20e-06,-4.20e-10,-1.84e-09
599,.0065694,.0224701,-.0002254,-.0007115,5.47e-06,.0000205,-2.39e-09,-7.61e-09
600,.0113758,.0277115,-.0003946,-.0008847,-2.18e-06,.0000427,-9.78e-10,-9.90e-09
601,.0044535,.0286117,-.0002569,-.0007575,-.0000171,.0000347,1.42e-09,-9.20e-09
602,.0068424,.036205,-.0002772,-.0010001,1.52e-06,.0000309,-2.05e-09,-7.27e-09
603,.0063148,.0648072,-.0002816,-.0017311,.000027,.0000403,-6.15e-09,-9.01e-09
604,.0140033,.0555747,-.0005142,-.0012382,.000021,.0000194,-4.73e-09,-8.57e-09
605,.0123744,.0191336,-.0004286,-.0006658,.0000247,.0000188,-6.10e-09,-5.69e-09
606,.0115299,.050022,-.0004694,-.0012829,-.0000101,.0000133,-1.57e-09,-5.44e-09
607,.0059928,.0308274,-.0002404,-.0009009,8.37e-06,.0000377,-5.46e-09,-9.32e-09
608,.0005802,.0468223,-.0000431,-.0012449,-4.28e-06,.0000305,-4.14e-10,-9.66e-09
609,.016573,.0221622,-.0006796,-.0006812,5.35e-06,9.66e-06,-6.13e-09,-3.60e-09
610,.0102689,-.0056084,-.0003953,-.000173,-9.46e-07,.0000305,-2.12e-09,-8.28e-09
611,.0077271,.0609371,-.0001325,-.0015046,5.24e-06,.0000274,-1.12e-09,-7.16e-09
612,.0050128,.0278818,-.0000974,-.0007521,-.0000158,.0000454,4.95e-09,-1.41e-08
613,.0087557,.0540201,-.0003415,-.0013045,.0000124,.0000462,-6.32e-09,-1.16e-08
614,.012715,.0127821,-.0005883,-.0005142,-8.76e-06,.00007,-1.86e-10,-1.72e-08
615,.003645,.0374521,-.0001916,-.0008484,.0000143,.0000218,-3.48e-09,-6.62e-09
616,.0092547,.0557324,-.000498,-.001361,-3.52e-06,.0000249,-2.97e-09,-7.72e-09
617,.0039214,.0217963,-.0000742,-.0007347,-.0000113,.0000308,2.61e-09,-7.95e-09
618,.012474,-.0077056,-.0003542,-.0000793,3.01e-07,.0000205,-8.46e-10,-6.71e-09
619,.0072216,.0303618,-.0003031,-.0009138,8.31e-06,.000011,-5.88e-09,-3.36e-09
620,.0077241,.0205691,-.0002885,-.0005792,-.0000108,.0000111,-1.64e-09,-4.71e-09
621,.0085391,.0314906,-.0001865,-.0010064,.0000129,.0000167,-3.48e-09,-2.37e-09
622,.0019867,.0036422,-.0000304,-.0003946,1.92e-06,.0000463,-3.00e-10,-1.06e-08
623,.0115509,.0563137,-.0005866,-.0012448,-7.02e-07,.0000129,-1.77e-09,-4.95e-09
624,.0075131,.0266152,-.0002312,-.0007861,.0000158,.0000197,-3.96e-09,-5.00e-09
625,.0041112,.0618355,-.0000971,-.0014697,.0000257,2.61e-06,-9.09e-09,-1.75e-09
626,.0046727,.0344704,-.0001205,-.0008748,-3.86e-07,.0000532,9.16e-10,-1.56e-08
627,.0118673,.0252683,-.0003091,-.0007009,.0000113,-4.86e-06,-3.89e-09,-8.29e-10
628,.00537,.0330308,-.0002043,-.0009908,-.0000118,.0000165,5.64e-10,-3.38e-09
629,.0122784,.0129537,-.0005282,-.0005385,.0000215,.0000109,-8.19e-09,-4.52e-09
630,.0014348,.0399727,-.0001288,-.0009877,-8.74e-07,.0000149,8.67e-10,-3.76e-09
631,.0059828,.0496062,-.0003512,-.0012096,.0000131,.0000176,-4.05e-09,-6.45e-09
632,.009287,.0293299,-.000497,-.0008954,-7.61e-06,.0000411,-1.35e-09,-7.48e-09
633,.0071407,.0149983,-.0001921,-.0005331,.0000226,.0000356,-7.28e-09,-1.06e-08
634,.0067809,-.0068244,-.0001861,.0001084,.0000239,.0000282,-5.92e-09,-8.44e-09
635,.0038184,.0318951,-.0001992,-.0008753,.0000194,.0000271,-7.33e-09,-7.30e-09
636,.0080161,.0258036,-.0002163,-.0007755,-3.51e-06,.0000404,-1.74e-09,-1.11e-08
637,.0103162,.0729712,-.000399,-.0017607,-.0000262,.0000142,7.23e-09,-5.36e-09
638,.0152035,.025592,-.0007455,-.0008331,.0000145,.0000283,-2.29e-09,-6.16e-09
639,.0068224,.0362942,-.0003971,-.001099,.000026,.0000287,-6.68e-09,-9.07e-09
640,.0123588,.0410925,-.0003976,-.0011894,-6.63e-07,.000015,-2.29e-09,-8.35e-09
641,.0112547,.0074277,-.0002139,-.0003711,-.0000243,.0000231,5.21e-09,-7.07e-09
642,.0130134,.0148854,-.0004399,-.0005487,-1.21e-06,.0000267,-2.42e-09,-9.22e-09
643,.0088251,.0577127,-.0003956,-.0014428,5.73e-06,.000027,-9.37e-10,-6.03e-09
644,.0115166,.038893,-.000276,-.0011541,-.0000151,.0000225,5.48e-09,-7.50e-09
645,.0072843,.0316125,-.0001227,-.0007729,-.0000161,.0000187,-4.17e-12,-7.22e-09
646,.0060772,.0201573,-.0004573,-.0006535,-3.11e-06,.0000318,1.19e-09,-8.64e-09
647,.0115454,.0466388,-.000331,-.001251,.0000203,.0000452,-5.16e-09,-1.26e-08
648,.0108349,.029229,-.0004035,-.0008246,-4.82e-06,.0000243,-1.35e-09,-7.37e-09
649,.0047149,.0118482,-.0000659,-.0005528,.0000172,.0000307,-4.31e-09,-1.08e-08
650,.0153107,.022364,-.0005379,-.0007163,.0000122,.0000222,-5.64e-09,-7.63e-09
651,.0118314,.0328924,-.0005055,-.0009008,-.0000212,9.99e-06,5.10e-09,-4.53e-09
652,.0197248,-.0139927,-.00082,.0001634,.0000187,.0000344,-8.44e-09,-8.25e-09
653,.0059331,.0228013,-.000155,-.0006137,-1.12e-06,.0000117,-1.91e-09,-6.64e-09
654,.0085294,.0499228,-.0002285,-.0012129,-3.62e-06,4.99e-06,-1.15e-09,-1.95e-09
655,.011627,.0280005,-.000555,-.0007103,.0000145,.0000255,-3.66e-09,-8.02e-09
656,.0080227,.0394834,-.0003572,-.0011222,5.03e-06,.000016,-3.67e-10,-5.66e-09
657,.0082052,.0168915,-.0002351,-.0005082,-.0000165,.0000318,1.42e-09,-9.13e-09
658,.0107265,.0117665,-.0004307,-.0004487,-.0000299,.0000157,3.90e-09,-5.48e-09
659,.0082865,.0116301,-.0003326,-.0005485,.0000127,.000044,-4.74e-09,-9.96e-09
660,.0116109,.0390925,-.0004683,-.0009611,.0000176,.0000305,-5.08e-09,-8.80e-09
661,.0106696,-.0049534,-.0003899,-.0000992,-5.12e-06,.0000316,2.13e-10,-9.87e-09
662,.0045257,.0360896,-.0003289,-.0008194,4.47e-06,.0000586,-2.53e-10,-1.32e-08
663,.008796,.0116878,-.0001755,-.0006066,.0000263,.0000345,-7.74e-09,-1.05e-08
664,.0089046,.033295,-.0001368,-.0009535,.0000195,.0000296,-4.39e-09,-6.26e-09
665,.0080263,.0525217,-.0004348,-.0012474,5.20e-06,.0000163,-3.44e-09,-7.62e-09
666,.0059518,.0168813,-.0002346,-.0005424,.0000125,6.61e-06,-5.12e-09,-3.97e-10
667,.0090168,.0313183,-.0004227,-.000783,.0000137,.0000221,-4.00e-09,-6.29e-09
668,.0083916,.0305585,-.0002858,-.0008754,3.56e-06,.0000446,-8.94e-10,-1.39e-08
669,.0174543,.0313079,-.0006588,-.0008389,6.85e-06,.0000265,-4.33e-09,-8.11e-09
670,.0057118,.0229554,-.0002561,-.0007201,.0000147,.0000173,-6.13e-09,-4.78e-09
671,.0044789,.0600727,-.0002695,-.0015947,.0000139,5.47e-06,-4.39e-09,-4.07e-09
672,.0050491,.0726371,-.0002445,-.001783,-3.03e-07,.0000479,-1.01e-09,-1.13e-08
673,.0139134,.0075319,-.0004802,-.0003443,-2.80e-06,.000014,-2.56e-09,-5.98e-09
674,.0151127,.0229068,-.0004129,-.0008678,-9.10e-06,.0000209,5.12e-10,-7.27e-09
675,.0085452,.0279304,-.0004598,-.000718,-2.21e-06,.0000305,-1.92e-09,-7.57e-09
676,.0043996,.0348567,-.0000466,-.0009827,2.85e-06,.0000115,3.16e-10,-5.67e-09
677,.0083379,.0392501,-.0002594,-.0011272,-7.39e-06,3.38e-06,-2.36e-10,-1.65e-09
678,.0072846,.0551012,-.0002219,-.0012917,-6.04e-06,.0000299,9.34e-10,-8.85e-09
679,.0111698,.0171916,-.0004565,-.0005677,.0000106,.0000105,-5.54e-09,-2.39e-09
680,.0188745,.0075551,-.0007677,-.0004715,.0000199,.0000134,-1.87e-09,-3.23e-09
681,.0095043,-.0078786,-.0004427,.0000689,5.80e-07,.0000401,-8.35e-10,-1.24e-08
682,.0063551,.0567276,-.0002589,-.0014375,.0000121,.0000131,-4.85e-09,-2.77e-09
683,.0123429,.0280841,-.0004481,-.0009158,.0000197,.0000434,-6.22e-09,-1.15e-08
684,.0040154,.0378233,-.0001169,-.0010034,1.56e-06,.0000178,8.02e-11,-6.66e-09
685,.0038622,.0207098,-.0002216,-.0007092,.0000153,.0000138,-4.34e-09,-5.07e-09
686,.0061416,.0068107,-.0001082,-.0002984,-8.22e-06,.0000317,-1.82e-09,-1.12e-08
687,.000147,.0902359,.0000431,-.0020779,.0000215,.0000235,-5.45e-09,-6.88e-09
688,.0091863,.0234041,-.0002072,-.0008327,8.72e-06,.0000421,-1.01e-09,-1.22e-08
689,.0105668,.0480981,-.0003971,-.0012881,.0000203,.0000452,-5.78e-09,-1.25e-08
690,.0101058,.0597391,-.0001751,-.0015353,9.87e-06,.0000196,-6.21e-09,-5.66e-09
691,.0093055,.0255298,-.0002344,-.0008477,.0000216,.0000409,-8.99e-09,-1.37e-08
692,.0116402,.0180492,-.0004739,-.0005738,-6.42e-06,.0000268,3.62e-09,-6.56e-09
693,.0049032,.0265158,-.000387,-.0008574,.000039,.0000103,-5.80e-09,-3.53e-09
694,.013489,-.0065477,-.0005095,-.0000877,.0000154,.0000221,-4.88e-09,-6.70e-09
695,.011886,.0437192,-.0005892,-.0012015,-7.32e-07,.0000278,-1.72e-09,-9.28e-09
696,.0141696,.0486305,-.0006082,-.0013558,.0000132,.0000418,-2.99e-09,-1.04e-08
697,.0073961,.0529132,-.0002817,-.0013055,.0000111,.0000104,-3.64e-09,-6.08e-09
698,.0059057,.0382527,-.0002725,-.0009804,4.91e-06,.0000253,-2.12e-09,-6.50e-09
699,.0085838,.0130629,-.0002047,-.0006909,-5.24e-06,.0000193,1.82e-09,-3.58e-09
700,.0053849,.0313313,-.0002066,-.0008506,.0000399,.0000473,-1.03e-08,-9.25e-09
701,.0090885,.047517,-.0003826,-.0012137,.0000171,.0000249,-9.17e-10,-8.37e-09
702,.0099147,.0029186,-.0004707,-.0003355,.0000196,.0000191,-4.12e-09,-7.78e-09
703,.0130507,.0224051,-.0002128,-.0006399,-.0000157,.0000238,-1.02e-09,-7.84e-09
704,.0311151,.0131932,-.0008822,-.0006273,.0000288,.0000239,-1.15e-08,-5.79e-09
705,.004756,.0522271,-.0001161,-.0012222,-5.80e-06,.0000294,1.72e-09,-7.12e-09
706,.0083356,.040191,-.0003317,-.0011032,.0000149,.0000107,-6.28e-09,-5.58e-09
707,.0105074,.0163452,-.0002783,-.0005411,.0000269,.0000241,-1.15e-08,-6.67e-09
708,.0091445,.0149124,-.0004193,-.0005298,.0000105,.0000251,-2.99e-09,-6.76e-09
709,.0146743,.0191954,-.0004531,-.0006662,3.17e-06,.0000312,2.71e-10,-7.93e-09
710,.0092634,.034422,-.0002729,-.0009003,6.71e-06,.0000376,-2.09e-09,-1.08e-08
711,.0047926,.0087257,-.0001138,-.0004008,.0000155,.0000155,-3.46e-09,-4.76e-09
712,.0040466,.0277909,-.0001282,-.0008626,9.23e-06,.0000457,-2.44e-09,-1.15e-08
713,.0084215,.0118533,-.0003332,-.000543,9.24e-06,.0000104,-3.64e-09,-3.20e-09
714,.0044824,.0368395,-.0001804,-.0009247,.0000219,.0000405,-7.51e-09,-1.06e-08
715,.0111741,.0087402,-.0004213,-.0005023,4.21e-06,.0000226,-3.50e-09,-5.33e-09
716,.0177215,.0568865,-.000697,-.0016009,-4.58e-07,.000053,-3.34e-09,-1.17e-08
717,.0098817,.058913,-.0005357,-.0014485,2.23e-06,.0000227,-1.60e-09,-4.51e-09
718,.0109916,.0544112,-.0004635,-.0013842,-3.79e-06,.0000217,2.09e-09,-5.97e-09
719,.0108837,.0218669,-.0005216,-.0006668,1.09e-06,.0000375,-1.73e-09,-9.47e-09
720,.0072656,.0250333,-.0004037,-.0008154,.0000134,.0000175,-3.94e-09,-6.32e-09
721,.0049337,.0315709,-.0002955,-.0008011,-6.36e-06,.0000131,9.55e-10,-4.40e-09
722,.0138194,.0377945,-.000433,-.000983,-.000012,.0000269,3.07e-09,-6.91e-09
723,.007607,.0242283,-.0002499,-.0006835,1.63e-06,.0000328,-1.75e-11,-1.02e-08
724,.0108831,.0115561,-.0004043,-.0006538,7.91e-06,.0000324,-3.11e-09,-1.12e-08
725,.0096773,.0304723,-.0003244,-.0008342,.0000165,.0000351,-4.64e-09,-1.02e-08
726,.0115019,.0215967,-.0005105,-.0005824,.0000244,.0000622,-3.59e-09,-1.70e-08
727,.0147431,.0115223,-.000446,-.0005561,.0000228,.0000305,-8.26e-09,-7.53e-09
728,.0081973,.0480093,-.0002393,-.0010853,-9.17e-06,.0000472,1.10e-09,-1.31e-08
729,.0041312,.0084941,-.000087,-.0003015,.0000244,.0000113,-1.03e-08,-3.99e-09
730,.0159523,.0201184,-.0005253,-.0005335,-6.78e-06,.0000223,1.90e-10,-5.46e-09
731,.0111034,.0084389,-.0005112,-.0004876,.0000154,.0000398,-1.40e-09,-9.47e-09
732,.0123012,.0399359,-.0005374,-.001112,8.74e-06,.0000349,-5.42e-09,-7.47e-09
733,.0082104,.0161524,-.0001261,-.0005872,-7.01e-06,.0000294,-8.65e-10,-6.62e-09
734,.0085249,.0061953,-.0002821,-.0004528,.000019,.0000247,-8.40e-09,-7.12e-09
735,.0037893,.0136525,-.0001149,-.0005378,1.58e-06,.0000292,1.64e-09,-6.79e-09
736,.0041607,.0178797,-.0001867,-.0007826,.0000132,.0000307,-3.27e-09,-6.27e-09
737,.0145561,.030999,-.0003581,-.0008478,2.48e-06,.0000674,-2.16e-09,-1.67e-08
738,.0158576,.016543,-.0004909,-.0006461,7.05e-06,.0000275,-3.04e-09,-9.23e-09
739,.0097724,.0068558,-.0002906,-.0005693,-.00001,.0000524,1.47e-09,-1.57e-08
740,.0101516,.0277171,-.0003976,-.0008615,-4.16e-06,-1.26e-06,1.21e-09,-3.63e-09
741,.0041551,.0981986,-.0001975,-.0023161,.0000223,.0000306,-4.52e-09,-9.94e-09
742,.010021,.0480932,-.0003288,-.0013382,.0000189,.0000451,-3.83e-09,-1.31e-08
743,-.0018991,.0042922,.0000667,-.0004283,-.0000288,.0000457,7.71e-09,-1.23e-08
744,.0074234,.0093498,-.0002157,-.0002934,.0000503,.0000494,-1.41e-08,-1.44e-08
745,.0163671,.0054971,-.0005846,-.0002953,.000025,.000026,-5.21e-09,-9.62e-09
746,.0059406,.0329127,-.0002006,-.000833,-2.20e-06,.0000398,-1.55e-09,-1.19e-08
747,.014578,.0840563,-.0004808,-.0020082,-2.34e-06,.0000424,3.63e-10,-1.41e-08
748,.0113972,.0144059,-.0003695,-.0005799,3.30e-06,.0000169,-3.53e-09,-3.60e-09
749,.0080356,.036253,-.0002668,-.0008843,.0000315,.0000194,-7.25e-09,-5.05e-09
750,.0065124,.047215,-.0002039,-.001139,1.95e-06,.0000113,-5.47e-09,-1.45e-09
751,.0079134,.0196728,-.000264,-.0007139,.0000209,.0000181,-3.56e-09,-3.99e-09
752,.0093519,.0244307,-.0004018,-.0007078,4.67e-06,.0000381,-1.67e-09,-7.32e-09
753,.0047411,.0460387,-.0002894,-.0012692,-8.42e-06,.0000228,6.34e-09,-7.15e-09
754,.0111279,.0112583,-.0004639,-.0006444,-.0000309,.0000255,1.30e-08,-6.86e-09
755,.0069256,.030255,-.0002071,-.0009874,-.0000127,.0000326,1.08e-09,-1.05e-08
756,.0069457,.0468451,-.0002663,-.0011027,-.0000149,.0000191,5.03e-09,-5.27e-09
757,.0200829,.0041149,-.0007484,-.0002913,-1.70e-06,.0000288,2.86e-09,-8.20e-09
758,.0072284,.0033783,-.0003388,-.0001975,-6.59e-06,.0000115,1.06e-09,-4.45e-09
759,.0044,.022968,-.0003297,-.0005932,6.29e-06,.0000247,-5.74e-09,-7.93e-09
760,.0034431,.087039,-.0001163,-.0021237,.0000211,.0000527,-5.34e-09,-1.21e-08
761,.0059232,.0083606,-.0001885,-.0004851,.0000188,.0000191,-3.92e-09,-3.19e-09
762,.0043179,.0114216,-.0001131,-.0004724,.0000107,.0000441,-3.50e-09,-1.22e-08
763,.0105757,.0272852,-.0004166,-.0008836,6.55e-07,.0000171,-9.83e-10,-4.99e-09
764,.0116659,.0287672,-.0004998,-.0006689,.0000254,.0000163,-5.09e-09,-5.85e-09
765,.0151179,.0416378,-.0005094,-.0010459,.0000473,.0000288,-1.11e-08,-8.02e-09
766,.0108053,.0180482,-.0003136,-.0006203,5.90e-06,.0000341,-1.78e-09,-1.10e-08
767,.0023056,.0445843,-.0000415,-.0012103,2.05e-06,.0000237,-8.82e-10,-6.26e-09
768,.0135546,.0554727,-.0005756,-.0013174,-8.42e-06,.0000153,1.40e-09,-5.14e-09
769,.0052014,.002532,-.0003175,-.0002696,-2.51e-06,.0000114,4.45e-10,-2.34e-09
770,.0104269,.0083637,-.0003299,-.0004683,-6.61e-06,-2.76e-06,-4.72e-09,-1.01e-09
771,.0045821,.0483308,-.0002276,-.00127,.0000288,.000046,-9.01e-09,-1.42e-08
772,.0073298,-.0087891,-.0002816,-.0001593,.0000258,.0000148,-9.07e-09,-5.35e-09
773,.008717,-.0007682,-.0003588,-.0002286,.0000143,.0000309,-2.22e-09,-6.10e-09
774,.013043,.0401303,-.0003959,-.0010141,-6.97e-06,.0000308,-9.13e-10,-7.79e-09
775,.0050709,.0512472,-.0000589,-.0012278,7.21e-06,.0000269,-3.31e-09,-6.36e-09
776,.0123464,.0080308,-.0004745,-.0005121,-.0000126,5.21e-06,-1.15e-09,-1.61e-09
777,.0057364,.0360186,-.0002435,-.001015,-9.65e-06,.0000148,5.62e-09,-4.60e-09
778,.0161729,.0874469,-.0006233,-.0020026,-5.56e-06,.0000127,1.82e-09,-6.84e-09
779,.0075185,.0133048,-.0001726,-.0006497,-7.42e-06,.000016,2.48e-11,-5.90e-09
780,.002952,.0119757,-.0000467,-.0005381,.0000278,.0000325,-6.39e-09,-1.04e-08
781,.0182591,.0309115,-.0006123,-.0009742,.0000117,.0000188,-8.09e-09,-3.32e-09
782,.0042202,.0105984,-.0002376,-.0004545,.0000324,.0000204,-9.76e-09,-5.80e-09
783,.0128436,.018547,-.0004938,-.0006511,1.04e-06,.0000514,-7.86e-10,-1.37e-08
784,.0030901,.024733,-.0000898,-.0007218,5.61e-06,4.47e-06,-2.09e-09,-1.72e-09
785,.0088111,.0342231,-.0001755,-.0009427,-6.62e-06,.0000229,-2.56e-09,-6.93e-09
786,.015611,.009349,-.000439,-.0005232,.000014,.0000188,-4.68e-09,-5.10e-09
787,.0145448,.0175052,-.0004717,-.0007442,-3.26e-06,.0000141,-4.66e-09,-2.97e-09
788,.0067589,.0336817,-.0003582,-.0009024,.0000302,.0000133,-6.93e-09,-2.42e-09
789,.0133374,.0309116,-.0004866,-.0008609,-.0000104,.0000345,2.29e-09,-9.73e-09
790,.0177021,.0359959,-.0006741,-.0011284,4.78e-06,.0000202,-4.35e-10,-6.65e-09
791,.0081662,.0296048,-.0000761,-.000866,8.27e-06,.0000203,-2.56e-09,-6.98e-09
792,.0150716,.0518753,-.00053,-.0013789,5.92e-07,.0000341,-2.36e-09,-7.26e-09
793,.0070324,.0287924,-.0002033,-.000792,.0000156,2.30e-06,-7.84e-09,-1.55e-09
794,.0014751,.025795,-.0000254,-.000779,.0000228,.0000545,-4.25e-09,-1.22e-08
795,.0058265,.0377305,-.0002868,-.0008894,-8.98e-06,.0000388,2.63e-09,-1.09e-08
796,.0131564,.0138478,-.0003603,-.0004833,-2.37e-06,.0000494,-2.94e-09,-1.33e-08
797,.0090698,.0253195,-.0003803,-.000679,6.92e-06,.000011,-2.42e-09,-5.13e-09
798,.0078686,.0232975,-.0003581,-.0004941,.0000146,.0000208,-3.88e-09,-8.96e-09
799,.0029301,.0287142,-.0000354,-.0007956,-8.74e-06,3.56e-06,6.39e-10,-3.75e-09
800,.0024393,.0278503,-.0001828,-.0006523,.0000319,8.48e-06,-8.52e-09,-5.69e-09
801,.0052531,.0387216,-.0003002,-.0010136,7.94e-06,.0000408,-2.85e-09,-9.63e-09
802,.0139863,.0622669,-.0004595,-.0014397,.0000144,.0000404,-7.53e-09,-1.31e-08
803,.0067659,.0205817,-.0001864,-.000801,-7.38e-06,.0000644,8.06e-11,-2.39e-08
804,.0145183,.0640352,-.0003853,-.0016674,.0000102,2.22e-06,-4.32e-09,-4.01e-09
805,.0072292,.0280521,-.000326,-.0008328,-3.30e-06,.0000244,3.23e-09,-7.00e-09
806,.0093255,.0187809,-.0004202,-.0007413,-2.82e-06,.0000282,-5.77e-10,-9.81e-09
807,.0072409,.0296378,-.0002012,-.0009385,.0000233,.0000186,-7.59e-09,-5.16e-09
808,.008037,.0401723,-.0002352,-.0010474,-.0000199,.0000513,1.62e-09,-1.34e-08
809,.0104399,-.0000144,-.0002334,-.0002864,-6.05e-07,-1.88e-06,1.25e-09,7.37e-10
810,.0081815,.0251267,-.0002085,-.0007159,4.59e-06,.0000172,-1.41e-09,-6.89e-09
811,.0101095,.0314614,-.0003808,-.0008989,-.00001,.0000117,1.44e-09,-5.98e-09
812,.0028654,.0249483,-.0001515,-.0007658,7.19e-07,.0000335,-1.35e-10,-7.48e-09
813,.0012269,.012354,.0000766,-.0004025,.000015,.0000196,-7.13e-09,-5.59e-09
814,.0087638,.0116408,-.0002655,-.0006516,.0000321,-3.82e-07,-1.06e-08,-1.28e-09
815,.0113944,.00285,-.0001931,-.0002076,8.73e-06,.0000511,-3.31e-09,-1.39e-08
816,.011137,.032094,-.000408,-.0008107,-8.51e-06,.0000341,3.73e-10,-7.87e-09
817,.0088665,.0191227,-.000545,-.000658,-.0000214,.0000209,2.18e-09,-5.01e-09
818,.0068425,.013351,-.0003019,-.0005157,-5.15e-06,.0000195,-2.15e-12,-5.78e-09
819,.0029421,.0407714,-.0001525,-.0009735,8.90e-06,.0000362,-2.60e-09,-9.34e-09
820,.0073583,.0192803,-.0002884,-.0006825,-.0000146,.0000203,7.64e-10,-8.53e-09
821,.012929,.0284156,-.0004103,-.000853,-3.70e-06,.0000223,3.92e-10,-6.86e-09
822,.0090324,.0171587,-.0003303,-.0007087,-2.24e-07,.0000225,4.65e-10,-7.15e-09
823,.0110695,.0143652,-.0002335,-.0005513,-6.78e-06,-5.57e-06,5.36e-11,1.69e-09
824,.0102747,.0229516,-.0004709,-.0008151,8.95e-06,.0000135,-7.79e-09,-4.04e-09
825,.0127372,.0199283,-.0005998,-.0006746,-.000011,.0000246,4.03e-09,-7.74e-09
826,.0061087,.0446767,-.0002181,-.0011598,-6.88e-06,-1.43e-07,1.00e-09,-2.83e-09
827,.01223,.0323018,-.0006016,-.0009874,.0000124,.0000143,-4.58e-09,-3.55e-09
828,.005365,.084467,-.0002626,-.0020489,4.99e-06,.0000302,-1.88e-09,-9.30e-09
829,.0073299,.0145019,-.0002635,-.0006175,3.99e-06,.0000118,-1.28e-09,-5.81e-09
830,.0095119,.0614402,-.0003729,-.0014847,-.0000188,.0000211,4.45e-09,-7.51e-09
831,.0114504,.0334266,-.0001816,-.0010807,.0000212,.0000202,-3.35e-09,-4.93e-09
832,.0051959,.0030472,-.0000328,-.0003587,1.98e-06,.0000276,-4.64e-09,-8.75e-09
833,.0031612,.0259968,-.000073,-.0006773,.0000138,.0000367,-4.90e-09,-9.30e-09
834,-.0002561,.0559967,.0000449,-.0013469,.0000158,.0000215,-5.74e-09,-6.48e-09
835,.0063168,-.0003737,-.0001897,-.0001212,.000021,.0000262,-6.69e-09,-8.71e-09
836,.0134185,.0368122,-.0005527,-.0011331,.0000371,.0000134,-1.15e-08,-3.51e-09
837,.0118086,.0370484,-.0004488,-.0009992,2.10e-06,.00002,2.61e-10,-7.47e-09
838,.006686,.0054654,-.0002961,-.0004944,8.21e-06,.0000453,-4.77e-09,-1.08e-08
839,.0024206,.0088559,-.0000763,-.00041,.0000137,.0000184,-2.65e-09,-5.20e-09
840,.0044666,.0088976,-.0002855,-.0004422,2.62e-06,.0000598,-3.87e-09,-1.82e-08
841,.0081369,.0496982,-.0002025,-.0011174,-4.73e-06,.0000188,9.56e-10,-6.40e-09
842,.0022121,.0689044,-.0000764,-.0015086,.0000173,.0000502,-7.94e-09,-1.34e-08
843,.0108559,.032606,-.0004823,-.0010722,.0000202,.0000256,-4.99e-09,-7.38e-09
844,.0130008,.0254322,-.000468,-.0007988,.0000144,.0000241,-4.58e-09,-6.04e-09
845,.0117,.0068901,-.0003722,-.0002741,-4.26e-06,.000034,1.79e-09,-9.15e-09
846,.0126695,.0336564,-.0004025,-.0008841,.0000332,.0000261,-1.02e-08,-7.44e-09
847,.0037256,.0548641,-.0000587,-.0013496,6.81e-06,.0000107,-1.84e-09,-5.47e-09
848,.0079695,.0109622,-.0003063,-.0003862,.0000399,.0000483,-1.35e-08,-1.51e-08
849,.0065561,.0061293,-.0003893,-.0002287,.0000187,.0000374,-3.75e-09,-1.07e-08
850,.008526,.024803,-.0002464,-.0007714,.0000301,.000022,-1.16e-08,-5.37e-09
851,.0150862,-.0089994,-.0004354,-.0002051,-3.04e-06,.000036,2.51e-09,-1.01e-08
852,.0082168,.0421653,-.0002899,-.0011276,6.14e-06,.0000134,-3.91e-09,-4.37e-09
853,.0089735,.0449935,-.000265,-.0012429,7.26e-06,.0000137,-2.88e-09,-1.75e-09
854,.0052853,.0544012,-.0001966,-.0014977,-1.39e-06,.0000172,-1.18e-09,-7.60e-09
855,.0076073,.0313724,-.0001614,-.0010753,.0000203,.0000157,-8.18e-09,-4.61e-09
856,.0090371,.038641,-.0002292,-.0011122,-.0000219,.0000166,5.43e-09,-6.10e-09
857,.0082602,.0157136,-.0002393,-.0006022,.0000102,.0000434,-3.06e-09,-1.31e-08
858,.0057448,.0064512,-.0001809,-.0003136,.0000353,.0000356,-8.72e-09,-9.52e-09
859,.0098558,.0246974,-.0002601,-.0007283,.0000212,.0000402,-8.20e-09,-1.09e-08
860,.0178897,.005248,-.0006394,-.0003625,.0000298,.000014,-1.08e-08,-3.89e-09
861,.0067084,.0397357,-.0000309,-.0012376,-.0000144,.0000103,2.39e-09,-4.40e-10
862,.0156118,.0305939,-.0006912,-.0008175,-.0000129,.0000265,-1.34e-09,-8.45e-09
863,.0113845,.0021106,-.0005718,-.000214,.0000282,.0000298,-8.83e-09,-6.37e-09
864,.0079222,.0226135,-.0003286,-.0006616,.0000125,.0000463,-1.70e-09,-1.23e-08
865,.0087688,.0218375,-.000318,-.0006711,-.0000115,.0000293,1.39e-09,-7.37e-09
866,.0034911,.0107723,-.0000775,-.0004678,6.37e-06,-1.76e-06,-1.78e-09,-1.20e-09
867,.0099421,.0118508,-.0003481,-.0005453,-4.73e-06,.000042,-6.72e-10,-1.12e-08
868,.0123596,.0498791,-.0003581,-.0012482,-2.94e-06,.0000165,2.61e-09,-4.74e-09
869,.0100057,.0150488,-.0003529,-.000476,-3.24e-07,5.81e-06,-2.89e-09,-4.12e-09
870,.0026696,.0103288,-.0001559,-.0002955,7.60e-06,.0000302,-1.65e-09,-8.37e-09
871,.0074997,.0145981,-.0002744,-.000617,-1.87e-07,9.90e-06,-4.22e-10,-5.76e-09
872,.0072265,.0045736,-.000394,-.0003443,.0000108,.0000424,-3.82e-09,-1.09e-08
873,.0067482,.0318406,-.0002583,-.0008148,.0000334,.0000188,-5.11e-09,-4.30e-09
874,.0017474,.0209766,-.0000474,-.0009218,-5.60e-06,-1.69e-06,4.75e-09,1.79e-09
875,.0057905,.0229018,-.0002662,-.0007697,-9.58e-06,.0000461,3.01e-09,-1.14e-08
876,.0133104,.0055763,-.0005594,-.000511,.0000167,.0000164,-4.25e-09,-4.95e-09
877,.0146668,.0167527,-.0005949,-.0005847,.0000363,.0000374,-1.08e-08,-1.09e-08
878,.0059389,.0248696,-.0003134,-.0006975,.0000431,.0000116,-1.09e-08,-3.23e-09
879,.0075497,.036216,-.0001652,-.0008567,6.31e-06,.0000451,-2.07e-09,-1.35e-08
880,.0012372,.0332873,-.0000252,-.0008426,.0000296,.000018,-7.54e-09,-4.21e-09
881,.0090079,.027805,-.0003977,-.0009471,-1.35e-06,.0000564,4.70e-09,-1.48e-08
882,.0154893,.0349318,-.0005519,-.0010792,.0000383,.0000208,-8.51e-09,-6.79e-09
883,.0089394,.0236216,-.000473,-.000848,.0000204,.0000265,-5.69e-09,-8.71e-09
884,.0047382,.0191331,-.0000715,-.000557,8.29e-07,.000029,-2.61e-09,-8.91e-09
885,.0180275,.0289325,-.0006981,-.0008187,4.87e-06,.0000321,-1.53e-09,-1.13e-08
886,.0072061,.0309933,-.0002219,-.0008936,-3.52e-06,.0000103,-4.22e-10,-2.19e-09
887,.0123424,.0220482,-.0005361,-.0007837,-4.88e-06,.0000466,7.61e-10,-1.23e-08
888,.0100137,-.0112126,-.000282,.0000472,-2.57e-06,2.24e-06,-5.05e-10,-3.52e-09
889,.010645,.0504274,-.0002844,-.0012902,-.0000271,.0000289,3.21e-09,-7.52e-09
890,.0184255,.0481127,-.0004942,-.0012841,.0000178,.0000213,-5.63e-09,-5.63e-09
891,.0094749,.0486572,-.0005162,-.0012348,.0000298,.000036,-6.52e-09,-8.79e-09
892,.0129696,.006937,-.0005563,-.0004259,.0000161,.0000227,-9.05e-09,-6.82e-09
893,.0062826,.0234909,-.0002142,-.0007395,-.0000372,.0000261,5.16e-09,-9.13e-09
894,.0118238,.0152196,-.000424,-.0006549,1.93e-06,2.83e-06,-1.62e-09,-3.00e-09
895,.005052,.025047,-.0002455,-.0009421,.0000134,9.51e-06,-6.89e-09,-3.49e-09
896,.0123158,.0194264,-.000542,-.000614,.000014,.0000174,-9.11e-09,-6.06e-09
897,-.0006602,.034044,-.0000834,-.0008574,8.23e-06,.0000126,-1.31e-09,-2.94e-09
898,.0028149,.0533335,-.0001458,-.0014664,.0000229,.0000317,-4.46e-09,-7.68e-09
899,.0041598,.030437,-.0001109,-.0007992,6.75e-06,.0000145,-4.64e-09,-3.57e-09
900,.0115286,.0082564,-.0004885,-.0004808,4.85e-06,.0000443,-2.80e-09,-9.69e-09
901,.0075525,.0232623,-.0002622,-.0006392,4.64e-06,.000034,-5.92e-10,-9.45e-09
902,.0059295,-.0196042,-.0000854,.000265,.0000112,.0000271,-1.06e-09,-8.54e-09
903,.0200502,.017028,-.0006439,-.0005668,-.0000181,.0000234,3.61e-09,-8.50e-09
904,.0254391,.0277075,-.000973,-.0007411,.0000133,7.62e-06,-3.65e-09,-5.49e-09
905,.0116651,.0362361,-.000416,-.0009049,1.80e-06,.0000369,-2.86e-09,-9.44e-09
906,.0197978,-.0113746,-.0007361,-.0000886,-4.39e-06,.0000384,2.24e-09,-1.09e-08
907,.0109409,.0628256,-.000421,-.001476,1.36e-06,.0000289,-1.83e-09,-7.17e-09
908,.0121229,.0346264,-.0004756,-.0008973,.000013,.0000221,-6.31e-09,-5.93e-09
909,.0150508,.0449143,-.0004749,-.0010754,.0000235,.0000272,-8.67e-09,-8.96e-09
910,.0118915,.009064,-.0005092,-.0005374,3.96e-06,.000011,-2.50e-09,-3.42e-09
911,.0042821,.0166944,-.0000766,-.0006211,.0000215,.0000389,-3.66e-09,-9.97e-09
912,.0078099,.0400592,-.0002358,-.0010575,-1.02e-06,.0000229,-7.58e-10,-8.00e-09
913,.018514,.0301249,-.0008137,-.0008178,.0000128,.0000277,-7.22e-09,-7.14e-09
914,.0064944,.0171337,-.0001338,-.0006195,-.0000134,.0000366,1.07e-09,-9.75e-09
915,.0049433,.0160483,-.0001479,-.0006542,-7.79e-06,.0000286,2.08e-09,-1.10e-08
916,.0105136,.0170484,-.0003727,-.0006784,-.0000125,.0000231,8.25e-10,-6.75e-09
917,.0068358,.0239112,-.0002206,-.0006901,-.0000131,.0000264,3.48e-09,-8.15e-09
918,.0185988,.0248712,-.0007677,-.0008375,-.0000248,.000026,8.60e-09,-7.98e-09
919,.0113315,.0327776,-.0004973,-.0010102,-.0000152,.0000201,6.11e-09,-6.64e-09
920,.0122562,.0341888,-.0005096,-.0009793,-8.44e-06,.0000341,-1.52e-09,-8.97e-09
921,.0083069,.0151332,-.0003379,-.0005948,-3.99e-06,.0000394,-2.14e-09,-8.27e-09
922,.0070264,.0221297,-.0001605,-.0006839,-9.98e-06,.0000371,-6.74e-10,-8.83e-09
923,.0005773,.0264978,.0000569,-.0007508,-1.48e-06,.0000264,8.78e-10,-6.07e-09
924,.0008374,.0315422,.0000208,-.0009374,-3.05e-06,.0000221,3.40e-10,-5.46e-09
925,.0097958,.0436462,-.0006535,-.0011347,.0000299,.0000178,-8.54e-09,-5.74e-09
926,.0102872,.0220638,-.0003568,-.0006673,.0000199,.0000238,-5.63e-09,-6.89e-09
927,.0174446,.0331386,-.0006538,-.0011192,9.90e-06,.0000225,-6.45e-09,-5.10e-09
928,.0135093,.0105649,-.0003801,-.0004987,.0000316,.0000308,-5.35e-09,-1.07e-08
929,.0070419,.0456046,-.000222,-.0012982,.0000246,.0000206,-9.48e-09,-5.39e-09
930,.0205874,.0216471,-.0007773,-.0006388,.0000131,.0000339,-6.22e-09,-1.13e-08
931,.0148813,.0223302,-.000431,-.0006856,.0000271,.0000461,-6.98e-09,-1.13e-08
932,.0084064,.0174228,-.0002348,-.0006393,-.0000161,.000045,6.71e-09,-1.20e-08
933,.0162477,.0349709,-.0004069,-.000847,.0000151,.0000309,-4.70e-09,-9.22e-09
934,.0183881,.0451213,-.000625,-.0013141,.0000125,-5.50e-06,-8.02e-09,4.02e-10
935,.0114004,.0205456,-.0004163,-.0006614,.0000463,.0000226,-1.27e-08,-6.49e-09
936,.0072549,.0358289,-.0002973,-.0009342,.0000188,.000012,-6.31e-09,-2.28e-09
937,.0039921,.0280509,-.0000673,-.0007136,.0000314,.0000136,-2.64e-09,-4.11e-09
938,.0006068,.0516407,.0000935,-.0013432,-.0000171,.0000475,2.11e-09,-1.39e-08
939,.0127147,.0312502,-.0005216,-.0009508,.0000155,.0000338,-3.80e-09,-9.73e-09
940,.0054238,.0483754,-.0001793,-.0013041,-7.62e-06,.000026,6.41e-09,-5.50e-09
941,.0050765,.0251034,-.0001989,-.0006756,.0000218,.0000513,-3.98e-09,-1.19e-08
942,.0121439,.0243208,-.0006414,-.000826,2.73e-06,.0000298,-1.66e-09,-6.33e-09
943,.009158,.0269026,-.000389,-.00074,2.89e-06,.0000239,-3.64e-09,-7.32e-09
944,.0052708,.0171306,-.0000321,-.0006453,.0000136,.0000228,-3.34e-09,-6.84e-09
945,.0084751,-.003951,-.0002751,-.0002031,-5.00e-06,.0000245,7.01e-10,-6.16e-09
946,.0081551,.0422181,-.0004285,-.0009122,.0000168,.000023,-4.94e-09,-6.63e-09
947,.0134243,.0360399,-.0004579,-.0010491,2.10e-06,.0000225,-1.68e-09,-8.18e-09
948,.0111842,.0357212,-.0004344,-.0011148,-.0000387,.0000349,1.18e-08,-9.95e-09
949,.0163587,.0558203,-.0007877,-.0014165,5.45e-06,.0000116,-7.55e-09,-7.28e-09
950,.009126,.024096,-.0005038,-.0007816,.0000134,.000048,-5.43e-09,-1.19e-08
951,.0061914,.016235,-.0001497,-.0004759,5.20e-06,.0000189,-8.75e-11,-3.85e-09
952,.0116919,.0278272,-.0002279,-.0008898,.0000182,.0000273,-3.17e-09,-8.79e-09
953,.0125646,.0165206,-.0005343,-.0005462,-.0000104,.0000321,-1.12e-09,-9.53e-09
954,.0098591,.0304792,-.0002189,-.0009967,-9.95e-06,.0000299,1.36e-09,-8.31e-09
955,.0090463,.0285825,-.0001662,-.0009067,-.0000163,.0000284,1.47e-09,-7.17e-09
956,.0078859,-.0002923,-.0002494,-.0002299,.0000213,.0000344,-6.88e-09,-8.29e-09
957,.010278,.0621899,-.0002785,-.0014295,6.75e-06,.0000229,-3.97e-09,-7.03e-09
958,.0155524,.0126974,-.0005494,-.0004495,.0000122,.0000496,-3.16e-09,-1.32e-08
959,.0141409,.0285182,-.0006463,-.000835,4.77e-06,.0000148,-3.02e-09,-4.29e-09
960,.0057609,.0381911,-.0002405,-.0011201,3.81e-06,.0000407,-1.27e-09,-1.01e-08
961,.007592,.030059,-.0001893,-.0008776,-1.54e-06,.0000342,2.86e-09,-9.57e-09
962,.0034697,.0479623,-.0002164,-.0012427,1.79e-06,.0000445,2.46e-09,-1.15e-08
963,.007992,.0076569,-.0002458,-.0003185,5.44e-06,.0000152,-2.46e-09,-6.12e-09
964,.0075074,.0109236,-.0001679,-.0004462,3.10e-06,-2.17e-06,-3.47e-09,-2.13e-09
965,.0106479,.0002941,-.0006842,-.0003175,7.17e-06,4.00e-06,2.98e-12,-1.57e-09
966,.0114539,.03109,-.0003904,-.000884,.0000275,.0000467,-4.78e-09,-1.36e-08
967,.0021131,.0364756,-.000217,-.0009711,.0000154,-1.95e-06,-5.31e-09,-1.17e-09
968,.0102438,.010707,-.0005519,-.0003116,.0000123,.0000309,-3.69e-09,-1.03e-08
969,.0132035,.0253901,-.0002868,-.0007541,.0000221,.0000273,-9.19e-09,-9.32e-09
970,.004262,.0059994,-.000197,-.0002973,.0000196,.0000203,-5.64e-09,-5.82e-09
971,.0079213,.0262106,-.0002568,-.0006933,.0000338,.0000199,-6.69e-09,-7.31e-09
972,.0232005,.0058834,-.0006719,-.0004165,-.0000111,.0000139,8.58e-10,-5.23e-09
973,.0019404,.0450047,-.0000518,-.0012534,-.0000148,-5.31e-06,1.81e-09,-1.24e-09
974,.0103022,.0263849,-.0003141,-.0008572,.0000237,6.41e-06,-7.78e-09,-3.68e-09
975,.0046684,.0353716,-.0002489,-.0007837,-.0000133,.0000188,1.68e-09,-6.51e-09
976,.0092864,.0153616,-.0005292,-.0005616,.0000166,.0000114,-4.90e-09,-3.79e-09
977,.0057664,.0292928,-.0002374,-.0007815,-4.59e-06,.0000449,-8.41e-10,-1.13e-08
978,.0080757,.0018411,-.0002386,-.0003671,-6.69e-07,.0000253,9.07e-11,-7.31e-09
979,.0144411,.0100518,-.0004153,-.0004364,-.0000221,9.51e-06,1.56e-09,-4.63e-09
980,.0091531,.0315844,-.0002773,-.0008685,1.44e-06,.0000229,1.02e-09,-2.71e-09
981,.0073598,.0070279,-.0002952,-.0004691,.0000278,.000027,-5.79e-09,-9.11e-09
982,.0175427,.0637677,-.0005593,-.0016095,-.0000163,-3.42e-06,4.15e-09,-1.47e-09
983,.0058764,.0731595,-.0001002,-.0017076,6.62e-06,.0000123,-3.43e-09,-2.26e-09
984,.0085146,.01729,-.0002973,-.0006118,-.0000121,.0000371,3.97e-09,-8.88e-09
985,.013866,.0423076,-.0005173,-.0012231,1.96e-06,.000035,4.87e-09,-8.13e-09
986,.0091925,.070173,-.0002531,-.0016133,7.09e-06,.0000372,-3.28e-09,-9.53e-09
987,.0078239,.0354807,-.0002045,-.0007909,-5.17e-08,.000031,-2.08e-09,-1.02e-08
988,.0073671,-.0149077,-.0001938,.0000329,.0000219,.0000391,-6.34e-09,-1.20e-08
989,.0038242,.013016,.0000514,-.000654,-1.07e-06,.0000369,2.60e-09,-8.74e-09
990,.0199421,.026634,-.0005972,-.0009619,.0000243,.0000245,-8.62e-09,-6.52e-09
991,.0137608,-.0066127,-.0006058,-.0001573,3.42e-06,5.86e-06,-3.17e-09,-2.64e-09
992,.0092654,.0287992,-.0004172,-.0009043,.0000101,.0000303,-4.37e-09,-7.54e-09
993,.0043925,.0191407,-.0001735,-.0007067,.0000104,.000014,-1.45e-09,-5.93e-09
994,.00988,.0183445,-.0001665,-.0004186,-.0000125,.0000485,-4.90e-10,-1.31e-08
995,.0121858,.0490568,-.0003519,-.0013204,-3.82e-06,.0000184,-5.04e-11,-6.39e-09
996,.0129568,.028254,-.0005408,-.0009527,.0000153,.0000191,-5.41e-09,-4.29e-09
997,.0092948,-.0025711,-.0003873,-.0003517,-7.27e-06,.0000152,-7.73e-10,-4.97e-09
998,.0118898,.0235752,-.000601,-.0007308,.0000234,.0000342,-6.60e-09,-9.90e-09
999,.0157929,.0170785,-.0004059,-.0007492,.0000204,.0000312,-3.37e-09,-1.01e-08
1000,.0043896,-.0020346,-.000177,-.0001927,.0000183,.0000297,-7.07e-09,-6.95e-09
